m49_code,country,region,year,EG_ACS_ELEC,EG_EGY_CLEAN,EG_EGY_PRIM,EG_FEC_RNEW
4,Afghanistan,Central and Southern Asia,2015,71.5,28.0,1.76,18.06
4,Afghanistan,Central and Southern Asia,2016,97.7,29.0,1.64,20.82
4,Afghanistan,Central and Southern Asia,2017,97.7,30.0,1.67,20.28
4,Afghanistan,Central and Southern Asia,2018,93.4,31.0,1.78,15.92
4,Afghanistan,Central and Southern Asia,2019,97.7,31.0,1.75,17.64
4,Afghanistan,Central and Southern Asia,2020,97.7,31.0,1.61,17.27
4,Afghanistan,Central and Southern Asia,2021,97.7,31.0,1.55,22.85
4,Afghanistan,Central and Southern Asia,2022,85.3,31.0,2.17,18.24
4,Afghanistan,Central and Southern Asia,2023,85.3,30.0,2.36,17.89
4,Afghanistan,Central and Southern Asia,2024,87.8,30.0,2.39,17.4
8,Albania,Europe and Northern America,2015,100.0,75.0,2.39,38.49
8,Albania,Europe and Northern America,2016,99.9,77.0,2.37,39.44
8,Albania,Europe and Northern America,2017,99.9,79.0,2.4,36.94
8,Albania,Europe and Northern America,2018,100.0,81.0,2.31,37.83
8,Albania,Europe and Northern America,2019,100.0,82.0,2.24,40.11
8,Albania,Europe and Northern America,2020,100.0,84.0,2.15,44.4
8,Albania,Europe and Northern America,2021,100.0,86.0,2.07,41.91
8,Albania,Europe and Northern America,2022,100.0,87.0,1.88,43.74
8,Albania,Europe and Northern America,2023,100.0,88.0,1.79,45.57
8,Albania,Europe and Northern America,2024,100.0,89.0,,
12,Algeria,Northern Africa and Western Asia,2015,99.4,99.0,3.89,0.06
12,Algeria,Northern Africa and Western Asia,2016,99.4,100.0,3.7,0.08
12,Algeria,Northern Africa and Western Asia,2017,99.5,100.0,3.75,0.14
12,Algeria,Northern Africa and Western Asia,2018,99.6,100.0,3.94,0.19
12,Algeria,Northern Africa and Western Asia,2019,99.5,100.0,4.03,0.16
12,Algeria,Northern Africa and Western Asia,2020,99.7,100.0,4.05,0.15
12,Algeria,Northern Africa and Western Asia,2021,99.8,100.0,4.19,0.11
12,Algeria,Northern Africa and Western Asia,2022,100.0,100.0,4.25,0.15
12,Algeria,Northern Africa and Western Asia,2023,100.0,100.0,4.15,0.13
12,Algeria,Northern Africa and Western Asia,2024,100.0,100.0,,
16,American Samoa,Oceania,2015,,,,0.17
16,American Samoa,Oceania,2016,,,,0.21
16,American Samoa,Oceania,2017,,,,0.56
16,American Samoa,Oceania,2018,,,,0.57
16,American Samoa,Oceania,2019,,,,0.53
16,American Samoa,Oceania,2020,,,,0.5
16,American Samoa,Oceania,2021,,,,0.5
16,American Samoa,Oceania,2022,,,,0.3
16,American Samoa,Oceania,2023,,,,0.3
16,American Samoa,Oceania,2024,,,,0.29
20,Andorra,Europe and Northern America,2015,100.0,100.0,1.96,19.05
20,Andorra,Europe and Northern America,2016,100.0,100.0,1.91,18.96
20,Andorra,Europe and Northern America,2017,100.0,100.0,1.91,17.99
20,Andorra,Europe and Northern America,2018,100.0,100.0,1.97,17.65
20,Andorra,Europe and Northern America,2019,100.0,100.0,1.91,17.2
20,Andorra,Europe and Northern America,2020,100.0,100.0,1.73,20.91
20,Andorra,Europe and Northern America,2021,100.0,100.0,1.71,18.41
20,Andorra,Europe and Northern America,2022,100.0,100.0,1.65,18.83
20,Andorra,Europe and Northern America,2023,100.0,100.0,1.61,18.32
20,Andorra,Europe and Northern America,2024,100.0,100.0,1.56,19.34
24,Angola,Sub-Saharan Africa,2015,42.0,48.0,2.0,48.6
24,Angola,Sub-Saharan Africa,2016,41.8,49.0,1.89,49.49
24,Angola,Sub-Saharan Africa,2017,42.9,49.0,1.93,53.9
24,Angola,Sub-Saharan Africa,2018,45.3,50.0,1.79,53.78
24,Angola,Sub-Saharan Africa,2019,45.6,50.0,1.93,51.99
24,Angola,Sub-Saharan Africa,2020,47.0,51.0,1.98,62.03
24,Angola,Sub-Saharan Africa,2021,48.2,52.0,2.03,53.93
24,Angola,Sub-Saharan Africa,2022,48.5,53.0,2.05,51.86
24,Angola,Sub-Saharan Africa,2023,51.1,54.0,2.14,49.91
24,Angola,Sub-Saharan Africa,2024,55.5,56.0,,
660,Anguilla,Latin America and the Caribbean,2015,99.9,,,0.46
660,Anguilla,Latin America and the Caribbean,2016,100.0,,,0.68
660,Anguilla,Latin America and the Caribbean,2017,100.0,,,0.7
660,Anguilla,Latin America and the Caribbean,2018,100.0,,,0.67
660,Anguilla,Latin America and the Caribbean,2019,100.0,,,0.8
660,Anguilla,Latin America and the Caribbean,2020,100.0,,,1.19
660,Anguilla,Latin America and the Caribbean,2021,100.0,,,1.16
660,Anguilla,Latin America and the Caribbean,2022,100.0,,,1.02
660,Anguilla,Latin America and the Caribbean,2023,100.0,,,0.89
660,Anguilla,Latin America and the Caribbean,2024,100.0,,,0.94
28,Antigua and Barbuda,Latin America and the Caribbean,2015,100.0,98.0,3.36,0.61
28,Antigua and Barbuda,Latin America and the Caribbean,2016,100.0,98.0,3.34,0.69
28,Antigua and Barbuda,Latin America and the Caribbean,2017,100.0,98.0,3.32,0.73
28,Antigua and Barbuda,Latin America and the Caribbean,2018,100.0,98.0,3.22,0.97
28,Antigua and Barbuda,Latin America and the Caribbean,2019,100.0,99.0,3.2,1.01
28,Antigua and Barbuda,Latin America and the Caribbean,2020,100.0,99.0,3.78,1.27
28,Antigua and Barbuda,Latin America and the Caribbean,2021,100.0,99.0,3.62,1.45
28,Antigua and Barbuda,Latin America and the Caribbean,2022,100.0,99.0,3.36,1.53
28,Antigua and Barbuda,Latin America and the Caribbean,2023,100.0,99.0,3.32,1.47
28,Antigua and Barbuda,Latin America and the Caribbean,2024,100.0,99.0,3.21,1.5
32,Argentina,Latin America and the Caribbean,2015,99.7,100.0,2.8,10.58
32,Argentina,Latin America and the Caribbean,2016,99.9,100.0,2.85,10.47
32,Argentina,Latin America and the Caribbean,2017,100.0,100.0,2.77,11.53
32,Argentina,Latin America and the Caribbean,2018,100.0,100.0,2.76,11.67
32,Argentina,Latin America and the Caribbean,2019,100.0,100.0,2.79,11.76
32,Argentina,Latin America and the Caribbean,2020,100.0,100.0,2.85,10.93
32,Argentina,Latin America and the Caribbean,2021,100.0,100.0,2.77,10.55
32,Argentina,Latin America and the Caribbean,2022,100.0,100.0,2.72,10.42
32,Argentina,Latin America and the Caribbean,2023,100.0,100.0,2.71,11.85
32,Argentina,Latin America and the Caribbean,2024,98.4,100.0,,
51,Armenia,Northern Africa and Western Asia,2015,100.0,97.0,3.47,10.82
51,Armenia,Northern Africa and Western Asia,2016,99.8,98.0,3.32,13.26
51,Armenia,Northern Africa and Western Asia,2017,99.7,98.0,3.25,12.68
51,Armenia,Northern Africa and Western Asia,2018,99.9,98.0,2.99,12.62
51,Armenia,Northern Africa and Western Asia,2019,100.0,99.0,3.01,11.99
51,Armenia,Northern Africa and Western Asia,2020,100.0,99.0,3.43,10.46
51,Armenia,Northern Africa and Western Asia,2021,100.0,99.0,3.34,11.26
51,Armenia,Northern Africa and Western Asia,2022,100.0,99.0,3.16,10.3
51,Armenia,Northern Africa and Western Asia,2023,100.0,99.0,2.81,10.14
51,Armenia,Northern Africa and Western Asia,2024,100.0,99.0,,
533,Aruba,Latin America and the Caribbean,2015,100.0,,3.25,6.73
533,Aruba,Latin America and the Caribbean,2016,100.0,,3.17,6.96
533,Aruba,Latin America and the Caribbean,2017,100.0,,3.08,6.77
533,Aruba,Latin America and the Caribbean,2018,100.0,,2.96,8.57
533,Aruba,Latin America and the Caribbean,2019,100.0,,2.79,8.29
533,Aruba,Latin America and the Caribbean,2020,100.0,,3.63,9.11
533,Aruba,Latin America and the Caribbean,2021,100.0,,3.32,8.76
533,Aruba,Latin America and the Caribbean,2022,99.9,,3.24,8.71
533,Aruba,Latin America and the Caribbean,2023,100.0,,2.96,9.09
533,Aruba,Latin America and the Caribbean,2024,100.0,,2.61,7.87
36,Australia,Oceania,2015,100.0,100.0,3.88,9.42
36,Australia,Oceania,2016,100.0,100.0,3.77,9.58
36,Australia,Oceania,2017,100.0,100.0,3.7,10.16
36,Australia,Oceania,2018,100.0,100.0,3.6,10.02
36,Australia,Oceania,2019,100.0,100.0,3.69,10.53
36,Australia,Oceania,2020,100.0,100.0,3.76,11.35
36,Australia,Oceania,2021,100.0,100.0,3.46,12.52
36,Australia,Oceania,2022,100.0,100.0,3.33,13.67
36,Australia,Oceania,2023,100.0,100.0,3.33,14.38
36,Australia,Oceania,2024,100.0,100.0,,
40,Austria,Europe and Northern America,2015,100.0,94.0,2.58,34.82
40,Austria,Europe and Northern America,2016,100.0,94.0,2.55,34.63
40,Austria,Europe and Northern America,2017,100.0,95.0,2.54,33.98
40,Austria,Europe and Northern America,2018,100.0,95.0,2.41,34.09
40,Austria,Europe and Northern America,2019,100.0,95.0,2.41,33.99
40,Austria,Europe and Northern America,2020,100.0,95.0,2.44,35.78
40,Austria,Europe and Northern America,2021,100.0,96.0,2.46,36.5
40,Austria,Europe and Northern America,2022,100.0,96.0,2.2,37.13
40,Austria,Europe and Northern America,2023,100.0,96.0,2.13,39.95
40,Austria,Europe and Northern America,2024,100.0,96.0,,
31,Azerbaijan,Northern Africa and Western Asia,2015,100.0,96.0,3.06,2.33
31,Azerbaijan,Northern Africa and Western Asia,2016,100.0,97.0,3.13,1.93
31,Azerbaijan,Northern Africa and Western Asia,2017,100.0,97.0,3.15,1.9
31,Azerbaijan,Northern Africa and Western Asia,2018,100.0,97.0,3.11,1.92
31,Azerbaijan,Northern Africa and Western Asia,2019,100.0,98.0,3.31,1.69
31,Azerbaijan,Northern Africa and Western Asia,2020,100.0,98.0,3.36,1.29
31,Azerbaijan,Northern Africa and Western Asia,2021,100.0,98.0,3.38,1.32
31,Azerbaijan,Northern Africa and Western Asia,2022,100.0,98.0,3.41,1.27
31,Azerbaijan,Northern Africa and Western Asia,2023,100.0,99.0,3.4,1.26
31,Azerbaijan,Northern Africa and Western Asia,2024,100.0,99.0,,
44,Bahamas,Latin America and the Caribbean,2015,100.0,100.0,2.37,0.3
44,Bahamas,Latin America and the Caribbean,2016,100.0,100.0,2.35,0.32
44,Bahamas,Latin America and the Caribbean,2017,100.0,100.0,2.53,0.32
44,Bahamas,Latin America and the Caribbean,2018,100.0,100.0,2.38,0.31
44,Bahamas,Latin America and the Caribbean,2019,100.0,100.0,2.6,0.3
44,Bahamas,Latin America and the Caribbean,2020,100.0,100.0,2.72,0.42
44,Bahamas,Latin America and the Caribbean,2021,100.0,100.0,2.88,0.4
44,Bahamas,Latin America and the Caribbean,2022,100.0,100.0,2.77,0.39
44,Bahamas,Latin America and the Caribbean,2023,100.0,100.0,2.49,0.41
44,Bahamas,Latin America and the Caribbean,2024,100.0,100.0,2.55,0.47
48,Bahrain,Northern Africa and Western Asia,2015,100.0,100.0,8.05,0.0
48,Bahrain,Northern Africa and Western Asia,2016,100.0,100.0,7.64,0.0
48,Bahrain,Northern Africa and Western Asia,2017,100.0,100.0,7.34,0.0
48,Bahrain,Northern Africa and Western Asia,2018,100.0,100.0,7.27,0.02
48,Bahrain,Northern Africa and Western Asia,2019,100.0,100.0,7.66,0.02
48,Bahrain,Northern Africa and Western Asia,2020,100.0,100.0,8.43,0.03
48,Bahrain,Northern Africa and Western Asia,2021,100.0,100.0,8.13,0.07
48,Bahrain,Northern Africa and Western Asia,2022,100.0,100.0,7.4,0.14
48,Bahrain,Northern Africa and Western Asia,2023,100.0,100.0,7.61,0.16
48,Bahrain,Northern Africa and Western Asia,2024,100.0,100.0,,
50,Bangladesh,Central and Southern Asia,2015,74.0,18.0,1.86,32.93
50,Bangladesh,Central and Southern Asia,2016,75.9,19.0,1.89,29.92
50,Bangladesh,Central and Southern Asia,2017,88.0,20.0,1.84,27.59
50,Bangladesh,Central and Southern Asia,2018,86.9,22.0,1.71,26.18
50,Bangladesh,Central and Southern Asia,2019,92.2,23.0,1.7,24.72
50,Bangladesh,Central and Southern Asia,2020,96.2,25.0,1.66,25.13
50,Bangladesh,Central and Southern Asia,2021,99.0,26.0,1.68,23.48
50,Bangladesh,Central and Southern Asia,2022,99.4,27.0,1.64,22.54
50,Bangladesh,Central and Southern Asia,2023,99.5,28.0,1.46,23.56
50,Bangladesh,Central and Southern Asia,2024,99.5,29.0,,
52,Barbados,Latin America and the Caribbean,2015,100.0,100.0,3.47,3.16
52,Barbados,Latin America and the Caribbean,2016,100.0,100.0,3.54,2.98
52,Barbados,Latin America and the Caribbean,2017,100.0,100.0,3.55,4.3
52,Barbados,Latin America and the Caribbean,2018,100.0,100.0,3.74,4.94
52,Barbados,Latin America and the Caribbean,2019,100.0,100.0,3.55,3.46
52,Barbados,Latin America and the Caribbean,2020,100.0,100.0,3.85,4.52
52,Barbados,Latin America and the Caribbean,2021,100.0,100.0,3.58,5.25
52,Barbados,Latin America and the Caribbean,2022,100.0,100.0,3.38,5.64
52,Barbados,Latin America and the Caribbean,2023,100.0,100.0,3.23,5.58
52,Barbados,Latin America and the Caribbean,2024,100.0,100.0,3.17,5.62
112,Belarus,Europe and Northern America,2015,97.4,99.0,4.45,6.82
112,Belarus,Europe and Northern America,2016,98.0,100.0,4.54,6.72
112,Belarus,Europe and Northern America,2017,98.7,100.0,4.51,7.28
112,Belarus,Europe and Northern America,2018,99.3,100.0,4.61,7.21
112,Belarus,Europe and Northern America,2019,100.0,100.0,4.38,7.81
112,Belarus,Europe and Northern America,2020,100.0,100.0,4.27,8.39
112,Belarus,Europe and Northern America,2021,100.0,100.0,4.54,8.21
112,Belarus,Europe and Northern America,2022,100.0,100.0,4.61,8.33
112,Belarus,Europe and Northern America,2023,100.0,100.0,4.39,8.23
112,Belarus,Europe and Northern America,2024,100.0,100.0,,
56,Belgium,Europe and Northern America,2015,100.0,100.0,3.33,9.39
56,Belgium,Europe and Northern America,2016,100.0,100.0,3.48,9.2
56,Belgium,Europe and Northern America,2017,100.0,100.0,3.41,9.65
56,Belgium,Europe and Northern America,2018,100.0,100.0,3.22,10.63
56,Belgium,Europe and Northern America,2019,100.0,100.0,3.24,10.24
56,Belgium,Europe and Northern America,2020,100.0,100.0,3.14,12.39
56,Belgium,Europe and Northern America,2021,100.0,100.0,3.26,11.76
56,Belgium,Europe and Northern America,2022,100.0,100.0,2.86,13.23
56,Belgium,Europe and Northern America,2023,100.0,100.0,2.64,14.82
56,Belgium,Europe and Northern America,2024,100.0,100.0,,
84,Belize,Latin America and the Caribbean,2015,91.8,84.0,3.65,29.07
84,Belize,Latin America and the Caribbean,2016,93.3,84.0,3.63,31.72
84,Belize,Latin America and the Caribbean,2017,94.2,85.0,3.87,35.33
84,Belize,Latin America and the Caribbean,2018,91.7,85.0,3.82,33.08
84,Belize,Latin America and the Caribbean,2019,92.7,86.0,4.01,28.39
84,Belize,Latin America and the Caribbean,2020,96.8,86.0,4.02,29.04
84,Belize,Latin America and the Caribbean,2021,97.7,87.0,3.84,20.95
84,Belize,Latin America and the Caribbean,2022,98.6,88.0,3.53,19.08
84,Belize,Latin America and the Caribbean,2023,99.6,88.0,3.5,17.89
84,Belize,Latin America and the Caribbean,2024,99.6,89.0,3.41,18.11
204,Benin,Sub-Saharan Africa,2015,29.6,5.0,5.38,49.94
204,Benin,Sub-Saharan Africa,2016,37.0,5.0,5.78,45.42
204,Benin,Sub-Saharan Africa,2017,34.5,5.0,5.68,45.38
204,Benin,Sub-Saharan Africa,2018,39.0,5.0,5.62,43.97
204,Benin,Sub-Saharan Africa,2019,40.0,6.0,5.29,46.47
204,Benin,Sub-Saharan Africa,2020,41.0,6.0,5.38,46.2
204,Benin,Sub-Saharan Africa,2021,42.0,6.0,4.54,54.52
204,Benin,Sub-Saharan Africa,2022,56.5,7.0,4.39,53.66
204,Benin,Sub-Saharan Africa,2023,57.0,8.0,4.44,48.89
204,Benin,Sub-Saharan Africa,2024,59.0,8.0,,
60,Bermuda,Europe and Northern America,2015,100.0,,1.35,0.55
60,Bermuda,Europe and Northern America,2016,100.0,,1.56,1.09
60,Bermuda,Europe and Northern America,2017,100.0,,1.52,0.63
60,Bermuda,Europe and Northern America,2018,100.0,,1.68,0.67
60,Bermuda,Europe and Northern America,2019,100.0,,1.48,0.74
60,Bermuda,Europe and Northern America,2020,100.0,,1.16,0.86
60,Bermuda,Europe and Northern America,2021,100.0,,1.26,1.16
60,Bermuda,Europe and Northern America,2022,100.0,,1.24,1.9
60,Bermuda,Europe and Northern America,2023,100.0,,1.13,1.95
60,Bermuda,Europe and Northern America,2024,100.0,,1.04,2.24
64,Bhutan,Central and Southern Asia,2015,95.4,80.0,3.1,48.95
64,Bhutan,Central and Southern Asia,2016,99.3,83.0,2.9,45.64
64,Bhutan,Central and Southern Asia,2017,97.7,85.0,2.9,45.67
64,Bhutan,Central and Southern Asia,2018,100.0,86.0,3.08,47.4
64,Bhutan,Central and Southern Asia,2019,100.0,88.0,2.86,48.27
64,Bhutan,Central and Southern Asia,2020,100.0,89.0,2.36,49.89
64,Bhutan,Central and Southern Asia,2021,100.0,90.0,3.18,50.16
64,Bhutan,Central and Southern Asia,2022,100.0,91.0,3.4,48.76
64,Bhutan,Central and Southern Asia,2023,100.0,92.0,4.0,48.71
64,Bhutan,Central and Southern Asia,2024,100.0,93.0,4.6,53.74
68,Bolivia (Plurinational State of),Latin America and the Caribbean,2015,91.5,83.0,3.43,14.22
68,Bolivia (Plurinational State of),Latin America and the Caribbean,2016,91.8,84.0,3.47,13.62
68,Bolivia (Plurinational State of),Latin America and the Caribbean,2017,91.8,85.0,3.48,14.29
68,Bolivia (Plurinational State of),Latin America and the Caribbean,2018,92.8,86.0,3.39,14.29
68,Bolivia (Plurinational State of),Latin America and the Caribbean,2019,95.1,87.0,3.34,13.49
68,Bolivia (Plurinational State of),Latin America and the Caribbean,2020,97.2,88.0,3.06,16.88
68,Bolivia (Plurinational State of),Latin America and the Caribbean,2021,98.6,88.0,3.36,12.74
68,Bolivia (Plurinational State of),Latin America and the Caribbean,2022,99.9,89.0,3.46,13.29
68,Bolivia (Plurinational State of),Latin America and the Caribbean,2023,99.8,90.0,3.6,13.28
68,Bolivia (Plurinational State of),Latin America and the Caribbean,2024,96.6,91.0,,
535,"Bonaire, Sint Eustatius and Saba",Latin America and the Caribbean,2015,,,,10.93
535,"Bonaire, Sint Eustatius and Saba",Latin America and the Caribbean,2016,,,,9.45
535,"Bonaire, Sint Eustatius and Saba",Latin America and the Caribbean,2017,,,,8.75
535,"Bonaire, Sint Eustatius and Saba",Latin America and the Caribbean,2018,,,,11.03
535,"Bonaire, Sint Eustatius and Saba",Latin America and the Caribbean,2019,,,,9.68
535,"Bonaire, Sint Eustatius and Saba",Latin America and the Caribbean,2020,,,,7.9
535,"Bonaire, Sint Eustatius and Saba",Latin America and the Caribbean,2021,,,,7.81
535,"Bonaire, Sint Eustatius and Saba",Latin America and the Caribbean,2022,,,,7.49
535,"Bonaire, Sint Eustatius and Saba",Latin America and the Caribbean,2023,,,,7.33
535,"Bonaire, Sint Eustatius and Saba",Latin America and the Caribbean,2024,,,,8.03
70,Bosnia and Herzegovina,Europe and Northern America,2015,99.7,52.0,5.1,25.25
70,Bosnia and Herzegovina,Europe and Northern America,2016,100.0,53.0,5.4,23.0
70,Bosnia and Herzegovina,Europe and Northern America,2017,100.0,54.0,5.22,18.49
70,Bosnia and Herzegovina,Europe and Northern America,2018,100.0,56.0,5.57,35.36
70,Bosnia and Herzegovina,Europe and Northern America,2019,100.0,57.0,5.23,36.84
70,Bosnia and Herzegovina,Europe and Northern America,2020,100.0,59.0,5.31,37.71
70,Bosnia and Herzegovina,Europe and Northern America,2021,100.0,61.0,5.12,36.61
70,Bosnia and Herzegovina,Europe and Northern America,2022,100.0,62.0,4.86,37.25
70,Bosnia and Herzegovina,Europe and Northern America,2023,100.0,64.0,4.53,39.47
70,Bosnia and Herzegovina,Europe and Northern America,2024,100.0,65.0,,
72,Botswana,Sub-Saharan Africa,2015,62.1,62.0,3.36,32.12
72,Botswana,Sub-Saharan Africa,2016,64.2,63.0,3.09,32.85
72,Botswana,Sub-Saharan Africa,2017,67.4,64.0,3.17,33.21
72,Botswana,Sub-Saharan Africa,2018,68.3,65.0,3.07,32.59
72,Botswana,Sub-Saharan Africa,2019,70.1,66.0,2.78,33.74
72,Botswana,Sub-Saharan Africa,2020,71.8,67.0,2.88,36.1
72,Botswana,Sub-Saharan Africa,2021,73.7,68.0,2.68,35.21
72,Botswana,Sub-Saharan Africa,2022,75.9,69.0,2.89,34.45
72,Botswana,Sub-Saharan Africa,2023,76.0,70.0,2.76,34.08
72,Botswana,Sub-Saharan Africa,2024,80.2,71.0,,
76,Brazil,Latin America and the Caribbean,2015,99.7,95.0,3.38,43.64
76,Brazil,Latin America and the Caribbean,2016,99.7,96.0,3.36,45.4
76,Brazil,Latin America and the Caribbean,2017,99.8,96.0,3.38,45.24
76,Brazil,Latin America and the Caribbean,2018,99.7,96.0,3.28,46.86
76,Brazil,Latin America and the Caribbean,2019,99.8,96.0,3.29,47.49
76,Brazil,Latin America and the Caribbean,2020,99.7,97.0,3.33,49.98
76,Brazil,Latin America and the Caribbean,2021,99.5,97.0,3.31,46.51
76,Brazil,Latin America and the Caribbean,2022,100.0,97.0,3.23,48.39
76,Brazil,Latin America and the Caribbean,2023,99.8,97.0,3.25,50.18
76,Brazil,Latin America and the Caribbean,2024,99.8,98.0,,
92,British Virgin Islands,Latin America and the Caribbean,2015,100.0,,,0.98
92,British Virgin Islands,Latin America and the Caribbean,2016,100.0,,,1.21
92,British Virgin Islands,Latin America and the Caribbean,2017,100.0,,,1.54
92,British Virgin Islands,Latin America and the Caribbean,2018,100.0,,,1.7
92,British Virgin Islands,Latin America and the Caribbean,2019,100.0,,,1.78
92,British Virgin Islands,Latin America and the Caribbean,2020,100.0,,,2.01
92,British Virgin Islands,Latin America and the Caribbean,2021,100.0,,,2.05
92,British Virgin Islands,Latin America and the Caribbean,2022,100.0,,,2.27
92,British Virgin Islands,Latin America and the Caribbean,2023,100.0,,,2.14
92,British Virgin Islands,Latin America and the Caribbean,2024,100.0,,,2.19
96,Brunei Darussalam,Eastern and South-Eastern Asia,2015,100.0,100.0,3.29,0.01
96,Brunei Darussalam,Eastern and South-Eastern Asia,2016,100.0,100.0,3.72,0.01
96,Brunei Darussalam,Eastern and South-Eastern Asia,2017,100.0,100.0,4.45,0.01
96,Brunei Darussalam,Eastern and South-Eastern Asia,2018,100.0,100.0,4.45,0.01
96,Brunei Darussalam,Eastern and South-Eastern Asia,2019,100.0,100.0,4.81,0.01
96,Brunei Darussalam,Eastern and South-Eastern Asia,2020,100.0,100.0,4.79,0.01
96,Brunei Darussalam,Eastern and South-Eastern Asia,2021,100.0,100.0,4.8,0.03
96,Brunei Darussalam,Eastern and South-Eastern Asia,2022,100.0,100.0,5.43,0.03
96,Brunei Darussalam,Eastern and South-Eastern Asia,2023,100.0,100.0,4.73,0.04
96,Brunei Darussalam,Eastern and South-Eastern Asia,2024,100.0,100.0,,
100,Bulgaria,Europe and Northern America,2015,96.6,95.0,4.46,17.85
100,Bulgaria,Europe and Northern America,2016,97.3,95.0,4.22,17.71
100,Bulgaria,Europe and Northern America,2017,98.1,96.0,4.25,17.11
100,Bulgaria,Europe and Northern America,2018,98.7,96.0,4.14,19.59
100,Bulgaria,Europe and Northern America,2019,99.2,96.0,3.94,19.3
100,Bulgaria,Europe and Northern America,2020,99.7,97.0,3.88,21.1
100,Bulgaria,Europe and Northern America,2021,99.8,97.0,3.91,20.41
100,Bulgaria,Europe and Northern America,2022,100.0,97.0,3.8,19.82
100,Bulgaria,Europe and Northern America,2023,100.0,98.0,3.26,20.28
100,Bulgaria,Europe and Northern America,2024,100.0,98.0,,
854,Burkina Faso,Sub-Saharan Africa,2015,16.2,9.0,5.15,78.81
854,Burkina Faso,Sub-Saharan Africa,2016,16.6,9.0,4.89,77.08
854,Burkina Faso,Sub-Saharan Africa,2017,17.0,10.0,4.98,74.63
854,Burkina Faso,Sub-Saharan Africa,2018,14.4,11.0,5.07,73.69
854,Burkina Faso,Sub-Saharan Africa,2019,17.6,12.0,4.94,72.68
854,Burkina Faso,Sub-Saharan Africa,2020,18.5,13.0,5.09,74.33
854,Burkina Faso,Sub-Saharan Africa,2021,19.0,14.0,4.31,67.01
854,Burkina Faso,Sub-Saharan Africa,2022,19.5,15.0,4.62,63.47
854,Burkina Faso,Sub-Saharan Africa,2023,21.7,16.0,4.79,60.42
854,Burkina Faso,Sub-Saharan Africa,2024,34.0,18.0,4.7,58.38
108,Burundi,Sub-Saharan Africa,2015,7.9,0.0,6.12,90.2
108,Burundi,Sub-Saharan Africa,2016,8.5,0.0,6.24,89.04
108,Burundi,Sub-Saharan Africa,2017,9.3,0.0,6.29,87.71
108,Burundi,Sub-Saharan Africa,2018,9.5,0.0,6.37,85.36
108,Burundi,Sub-Saharan Africa,2019,9.8,0.0,6.29,84.57
108,Burundi,Sub-Saharan Africa,2020,9.1,0.0,6.4,83.33
108,Burundi,Sub-Saharan Africa,2021,10.2,0.0,6.2,81.95
108,Burundi,Sub-Saharan Africa,2022,10.3,0.0,6.25,80.16
108,Burundi,Sub-Saharan Africa,2023,11.6,0.0,5.94,81.88
108,Burundi,Sub-Saharan Africa,2024,20.1,0.0,5.61,85.17
132,Cabo Verde,Sub-Saharan Africa,2015,86.4,75.0,2.25,26.35
132,Cabo Verde,Sub-Saharan Africa,2016,87.5,77.0,2.29,23.94
132,Cabo Verde,Sub-Saharan Africa,2017,88.6,78.0,2.31,22.65
132,Cabo Verde,Sub-Saharan Africa,2018,90.2,80.0,2.24,22.86
132,Cabo Verde,Sub-Saharan Africa,2019,91.4,82.0,2.28,20.63
132,Cabo Verde,Sub-Saharan Africa,2020,93.7,83.0,2.42,24.36
132,Cabo Verde,Sub-Saharan Africa,2021,95.5,85.0,2.53,21.9
132,Cabo Verde,Sub-Saharan Africa,2022,97.1,86.0,2.14,23.07
132,Cabo Verde,Sub-Saharan Africa,2023,98.6,87.0,2.12,22.85
132,Cabo Verde,Sub-Saharan Africa,2024,98.4,89.0,2.02,22.35
116,Cambodia,Eastern and South-Eastern Asia,2015,62.7,22.0,3.2,60.07
116,Cambodia,Eastern and South-Eastern Asia,2016,68.8,26.0,3.27,57.24
116,Cambodia,Eastern and South-Eastern Asia,2017,89.1,30.0,3.11,55.4
116,Cambodia,Eastern and South-Eastern Asia,2018,80.7,34.0,3.05,56.94
116,Cambodia,Eastern and South-Eastern Asia,2019,84.0,38.0,3.17,51.65
116,Cambodia,Eastern and South-Eastern Asia,2020,86.4,42.0,3.51,46.29
116,Cambodia,Eastern and South-Eastern Asia,2021,82.5,46.0,3.34,45.8
116,Cambodia,Eastern and South-Eastern Asia,2022,92.3,49.0,3.23,45.35
116,Cambodia,Eastern and South-Eastern Asia,2023,95.0,53.0,3.47,40.06
116,Cambodia,Eastern and South-Eastern Asia,2024,99.2,57.0,,
120,Cameroon,Sub-Saharan Africa,2015,58.6,23.0,3.59,78.04
120,Cameroon,Sub-Saharan Africa,2016,59.8,24.0,3.51,78.81
120,Cameroon,Sub-Saharan Africa,2017,60.9,25.0,3.43,79.24
120,Cameroon,Sub-Saharan Africa,2018,62.2,26.0,3.38,78.64
120,Cameroon,Sub-Saharan Africa,2019,63.2,27.0,3.32,78.9
120,Cameroon,Sub-Saharan Africa,2020,64.3,28.0,3.39,78.93
120,Cameroon,Sub-Saharan Africa,2021,65.4,28.0,3.3,79.55
120,Cameroon,Sub-Saharan Africa,2022,71.0,30.0,3.23,79.59
120,Cameroon,Sub-Saharan Africa,2023,72.0,31.0,3.19,79.99
120,Cameroon,Sub-Saharan Africa,2024,72.0,32.0,,
124,Canada,Europe and Northern America,2015,100.0,99.0,5.87,22.31
124,Canada,Europe and Northern America,2016,100.0,99.0,6.07,22.1
124,Canada,Europe and Northern America,2017,100.0,99.0,6.13,22.85
124,Canada,Europe and Northern America,2018,100.0,99.0,6.04,22.35
124,Canada,Europe and Northern America,2019,100.0,100.0,5.99,22.4
124,Canada,Europe and Northern America,2020,100.0,100.0,5.88,23.89
124,Canada,Europe and Northern America,2021,100.0,100.0,5.61,24.1
124,Canada,Europe and Northern America,2022,100.0,100.0,5.52,24.21
124,Canada,Europe and Northern America,2023,100.0,100.0,5.42,23.53
124,Canada,Europe and Northern America,2024,100.0,100.0,,
136,Cayman Islands,Latin America and the Caribbean,2015,100.0,,1.77,0.01
136,Cayman Islands,Latin America and the Caribbean,2016,100.0,,1.69,0.01
136,Cayman Islands,Latin America and the Caribbean,2017,100.0,,1.73,0.01
136,Cayman Islands,Latin America and the Caribbean,2018,100.0,,1.74,0.01
136,Cayman Islands,Latin America and the Caribbean,2019,100.0,,1.9,0.0
136,Cayman Islands,Latin America and the Caribbean,2020,100.0,,1.85,0.01
136,Cayman Islands,Latin America and the Caribbean,2021,100.0,,1.76,0.01
136,Cayman Islands,Latin America and the Caribbean,2022,100.0,,1.7,0.0
136,Cayman Islands,Latin America and the Caribbean,2023,100.0,,1.79,0.0
136,Cayman Islands,Latin America and the Caribbean,2024,100.0,,,0.0
140,Central African Republic,Sub-Saharan Africa,2015,12.7,1.0,7.32,92.51
140,Central African Republic,Sub-Saharan Africa,2016,13.4,1.0,7.28,91.38
140,Central African Republic,Sub-Saharan Africa,2017,14.1,1.0,7.1,89.71
140,Central African Republic,Sub-Saharan Africa,2018,14.6,1.0,7.15,90.43
140,Central African Republic,Sub-Saharan Africa,2019,14.3,1.0,7.12,89.53
140,Central African Republic,Sub-Saharan Africa,2020,15.4,1.0,7.25,89.14
140,Central African Republic,Sub-Saharan Africa,2021,15.7,1.0,7.99,89.15
140,Central African Republic,Sub-Saharan Africa,2022,15.7,1.0,8.71,89.17
140,Central African Republic,Sub-Saharan Africa,2023,17.6,1.0,9.09,88.97
140,Central African Republic,Sub-Saharan Africa,2024,18.2,1.0,9.38,88.99
148,Chad,Sub-Saharan Africa,2015,7.7,5.0,2.37,72.66
148,Chad,Sub-Saharan Africa,2016,9.2,5.0,2.47,72.72
148,Chad,Sub-Saharan Africa,2017,10.9,6.0,2.54,72.84
148,Chad,Sub-Saharan Africa,2018,10.1,6.0,2.47,73.13
148,Chad,Sub-Saharan Africa,2019,8.4,7.0,2.35,72.75
148,Chad,Sub-Saharan Africa,2020,10.9,7.0,2.4,71.9
148,Chad,Sub-Saharan Africa,2021,11.3,8.0,2.45,69.89
148,Chad,Sub-Saharan Africa,2022,11.7,9.0,2.36,70.0
148,Chad,Sub-Saharan Africa,2023,12.0,11.0,2.23,72.22
148,Chad,Sub-Saharan Africa,2024,13.4,11.0,2.14,72.97
830,Channel Islands,Europe and Northern America,2015,100.0,,,
830,Channel Islands,Europe and Northern America,2016,100.0,,,
830,Channel Islands,Europe and Northern America,2017,100.0,,,
830,Channel Islands,Europe and Northern America,2018,100.0,,,
830,Channel Islands,Europe and Northern America,2019,100.0,,,
830,Channel Islands,Europe and Northern America,2020,100.0,,,
830,Channel Islands,Europe and Northern America,2021,100.0,,,
830,Channel Islands,Europe and Northern America,2022,100.0,,,
830,Channel Islands,Europe and Northern America,2023,100.0,,,
830,Channel Islands,Europe and Northern America,2024,100.0,,,
152,Chile,Latin America and the Caribbean,2015,99.7,93.0,2.96,25.06
152,Chile,Latin America and the Caribbean,2016,100.0,93.0,3.1,24.55
152,Chile,Latin America and the Caribbean,2017,99.7,93.0,3.1,24.1
152,Chile,Latin America and the Caribbean,2018,100.0,94.0,3.04,25.46
152,Chile,Latin America and the Caribbean,2019,100.0,94.0,3.2,25.27
152,Chile,Latin America and the Caribbean,2020,100.0,94.0,3.1,26.73
152,Chile,Latin America and the Caribbean,2021,100.0,95.0,2.93,24.17
152,Chile,Latin America and the Caribbean,2022,100.0,95.0,2.95,27.33
152,Chile,Latin America and the Caribbean,2023,100.0,95.0,2.92,31.18
152,Chile,Latin America and the Caribbean,2024,99.0,96.0,,
156,China,Eastern and South-Eastern Asia,2015,100.0,72.0,6.13,12.18
156,China,Eastern and South-Eastern Asia,2016,100.0,75.0,5.71,12.48
156,China,Eastern and South-Eastern Asia,2017,100.0,77.0,5.54,12.98
156,China,Eastern and South-Eastern Asia,2018,100.0,80.0,5.44,13.28
156,China,Eastern and South-Eastern Asia,2019,100.0,82.0,5.34,13.4
156,China,Eastern and South-Eastern Asia,2020,100.0,84.0,5.38,13.66
156,China,Eastern and South-Eastern Asia,2021,100.0,86.0,5.27,13.69
156,China,Eastern and South-Eastern Asia,2022,100.0,88.0,5.22,14.21
156,China,Eastern and South-Eastern Asia,2023,100.0,89.0,5.27,14.21
156,China,Eastern and South-Eastern Asia,2024,100.0,90.0,,
344,"China, Hong Kong Special Administrative Region",Eastern and South-Eastern Asia,2015,100.0,,1.35,0.2
344,"China, Hong Kong Special Administrative Region",Eastern and South-Eastern Asia,2016,100.0,,1.37,0.16
344,"China, Hong Kong Special Administrative Region",Eastern and South-Eastern Asia,2017,100.0,,1.19,0.2
344,"China, Hong Kong Special Administrative Region",Eastern and South-Eastern Asia,2018,100.0,,1.19,0.23
344,"China, Hong Kong Special Administrative Region",Eastern and South-Eastern Asia,2019,100.0,,1.2,0.23
344,"China, Hong Kong Special Administrative Region",Eastern and South-Eastern Asia,2020,100.0,,1.12,0.93
344,"China, Hong Kong Special Administrative Region",Eastern and South-Eastern Asia,2021,100.0,,1.06,1.15
344,"China, Hong Kong Special Administrative Region",Eastern and South-Eastern Asia,2022,100.0,,1.02,1.59
344,"China, Hong Kong Special Administrative Region",Eastern and South-Eastern Asia,2023,100.0,,0.99,1.69
344,"China, Hong Kong Special Administrative Region",Eastern and South-Eastern Asia,2024,100.0,,,
446,"China, Macao Special Administrative Region",Eastern and South-Eastern Asia,2015,100.0,,0.54,5.41
446,"China, Macao Special Administrative Region",Eastern and South-Eastern Asia,2016,100.0,,0.56,5.38
446,"China, Macao Special Administrative Region",Eastern and South-Eastern Asia,2017,100.0,,0.53,3.87
446,"China, Macao Special Administrative Region",Eastern and South-Eastern Asia,2018,100.0,,0.43,8.43
446,"China, Macao Special Administrative Region",Eastern and South-Eastern Asia,2019,100.0,,0.45,8.43
446,"China, Macao Special Administrative Region",Eastern and South-Eastern Asia,2020,100.0,,0.89,11.03
446,"China, Macao Special Administrative Region",Eastern and South-Eastern Asia,2021,100.0,,0.71,14.46
446,"China, Macao Special Administrative Region",Eastern and South-Eastern Asia,2022,100.0,,0.87,11.53
446,"China, Macao Special Administrative Region",Eastern and South-Eastern Asia,2023,100.0,,0.54,11.52
446,"China, Macao Special Administrative Region",Eastern and South-Eastern Asia,2024,100.0,,0.53,11.06
170,Colombia,Latin America and the Caribbean,2015,98.2,88.0,2.2,30.33
170,Colombia,Latin America and the Caribbean,2016,98.4,89.0,2.23,29.73
170,Colombia,Latin America and the Caribbean,2017,98.5,90.0,2.11,31.49
170,Colombia,Latin America and the Caribbean,2018,98.5,90.0,1.99,29.65
170,Colombia,Latin America and the Caribbean,2019,99.4,91.0,2.13,30.93
170,Colombia,Latin America and the Caribbean,2020,99.7,91.0,2.11,31.64
170,Colombia,Latin America and the Caribbean,2021,100.0,92.0,2.08,29.62
170,Colombia,Latin America and the Caribbean,2022,100.0,92.0,1.92,28.83
170,Colombia,Latin America and the Caribbean,2023,98.7,92.0,1.95,27.69
170,Colombia,Latin America and the Caribbean,2024,98.9,93.0,,
174,Comoros,Sub-Saharan Africa,2015,74.1,6.0,2.81,67.03
174,Comoros,Sub-Saharan Africa,2016,76.4,7.0,2.93,63.97
174,Comoros,Sub-Saharan Africa,2017,78.7,7.0,3.14,59.45
174,Comoros,Sub-Saharan Africa,2018,81.0,8.0,3.18,57.68
174,Comoros,Sub-Saharan Africa,2019,83.3,8.0,3.23,55.31
174,Comoros,Sub-Saharan Africa,2020,85.6,9.0,3.53,50.83
174,Comoros,Sub-Saharan Africa,2021,87.9,9.0,4.1,41.19
174,Comoros,Sub-Saharan Africa,2022,89.9,10.0,4.13,39.28
174,Comoros,Sub-Saharan Africa,2023,89.8,10.0,4.19,37.09
174,Comoros,Sub-Saharan Africa,2024,91.7,11.0,4.19,36.07
178,Congo,Sub-Saharan Africa,2015,44.3,26.0,3.08,64.24
178,Congo,Sub-Saharan Africa,2016,45.3,27.0,3.39,67.71
178,Congo,Sub-Saharan Africa,2017,46.2,28.0,3.48,70.04
178,Congo,Sub-Saharan Africa,2018,47.0,29.0,3.21,68.63
178,Congo,Sub-Saharan Africa,2019,47.7,31.0,3.7,72.67
178,Congo,Sub-Saharan Africa,2020,48.7,32.0,4.13,70.1
178,Congo,Sub-Saharan Africa,2021,49.7,34.0,4.31,70.09
178,Congo,Sub-Saharan Africa,2022,50.6,36.0,4.41,70.63
178,Congo,Sub-Saharan Africa,2023,51.3,38.0,4.31,67.48
178,Congo,Sub-Saharan Africa,2024,53.0,40.0,,
184,Cook Islands,Oceania,2015,100.0,82.0,,7.18
184,Cook Islands,Oceania,2016,99.9,82.0,,7.66
184,Cook Islands,Oceania,2017,100.0,82.0,,7.98
184,Cook Islands,Oceania,2018,100.0,82.0,,9.4
184,Cook Islands,Oceania,2019,100.0,83.0,,9.02
184,Cook Islands,Oceania,2020,100.0,83.0,,10.16
184,Cook Islands,Oceania,2021,100.0,83.0,,8.75
184,Cook Islands,Oceania,2022,100.0,84.0,,8.52
184,Cook Islands,Oceania,2023,100.0,84.0,,9.0
184,Cook Islands,Oceania,2024,100.0,85.0,,8.26
188,Costa Rica,Latin America and the Caribbean,2015,99.4,94.0,1.99,38.33
188,Costa Rica,Latin America and the Caribbean,2016,99.5,95.0,1.89,34.09
188,Costa Rica,Latin America and the Caribbean,2017,99.6,95.0,1.78,33.31
188,Costa Rica,Latin America and the Caribbean,2018,99.7,95.0,1.71,33.12
188,Costa Rica,Latin America and the Caribbean,2019,99.7,96.0,1.76,33.4
188,Costa Rica,Latin America and the Caribbean,2020,99.9,96.0,1.77,36.41
188,Costa Rica,Latin America and the Caribbean,2021,100.0,96.0,1.73,34.16
188,Costa Rica,Latin America and the Caribbean,2022,100.0,97.0,1.68,34.01
188,Costa Rica,Latin America and the Caribbean,2023,100.0,97.0,1.63,32.26
188,Costa Rica,Latin America and the Caribbean,2024,99.8,97.0,,
191,Croatia,Europe and Northern America,2015,100.0,91.0,2.87,33.09
191,Croatia,Europe and Northern America,2016,100.0,91.0,2.8,31.83
191,Croatia,Europe and Northern America,2017,100.0,92.0,2.8,29.79
191,Croatia,Europe and Northern America,2018,100.0,93.0,2.64,32.83
191,Croatia,Europe and Northern America,2019,100.0,94.0,2.59,31.61
191,Croatia,Europe and Northern America,2020,100.0,95.0,2.71,32.37
191,Croatia,Europe and Northern America,2021,100.0,95.0,2.51,34.07
191,Croatia,Europe and Northern America,2022,100.0,96.0,2.26,30.63
191,Croatia,Europe and Northern America,2023,100.0,96.0,2.28,30.21
191,Croatia,Europe and Northern America,2024,100.0,97.0,,
192,Cuba,Latin America and the Caribbean,2015,99.0,92.0,1.24,18.44
192,Cuba,Latin America and the Caribbean,2016,99.2,93.0,1.21,15.96
192,Cuba,Latin America and the Caribbean,2017,99.4,94.0,1.14,19.15
192,Cuba,Latin America and the Caribbean,2018,99.6,94.0,1.05,21.36
192,Cuba,Latin America and the Caribbean,2019,99.8,94.0,1.05,17.28
192,Cuba,Latin America and the Caribbean,2020,99.9,95.0,1.11,18.65
192,Cuba,Latin America and the Caribbean,2021,100.0,95.0,1.07,14.73
192,Cuba,Latin America and the Caribbean,2022,100.0,95.0,1.02,12.19
192,Cuba,Latin America and the Caribbean,2023,100.0,96.0,1.04,9.22
192,Cuba,Latin America and the Caribbean,2024,100.0,96.0,,
531,Curaçao,Latin America and the Caribbean,2015,100.0,,17.9,2.47
531,Curaçao,Latin America and the Caribbean,2016,100.0,,15.17,2.67
531,Curaçao,Latin America and the Caribbean,2017,100.0,,12.26,3.49
531,Curaçao,Latin America and the Caribbean,2018,100.0,,10.92,4.85
531,Curaçao,Latin America and the Caribbean,2019,100.0,,5.52,4.59
531,Curaçao,Latin America and the Caribbean,2020,100.0,,5.6,5.06
531,Curaçao,Latin America and the Caribbean,2021,100.0,,5.87,5.06
531,Curaçao,Latin America and the Caribbean,2022,100.0,,5.7,4.61
531,Curaçao,Latin America and the Caribbean,2023,100.0,,5.39,4.11
531,Curaçao,Latin America and the Caribbean,2024,100.0,,,
196,Cyprus,Northern Africa and Western Asia,2015,100.0,98.0,2.6,10.41
196,Cyprus,Northern Africa and Western Asia,2016,100.0,98.0,2.6,10.27
196,Cyprus,Northern Africa and Western Asia,2017,100.0,99.0,2.54,10.94
196,Cyprus,Northern Africa and Western Asia,2018,100.0,99.0,2.4,12.02
196,Cyprus,Northern Africa and Western Asia,2019,100.0,99.0,2.27,11.97
196,Cyprus,Northern Africa and Western Asia,2020,100.0,99.0,2.21,15.02
196,Cyprus,Northern Africa and Western Asia,2021,100.0,99.0,2.04,15.58
196,Cyprus,Northern Africa and Western Asia,2022,100.0,99.0,1.95,15.83
196,Cyprus,Northern Africa and Western Asia,2023,100.0,99.0,1.9,16.3
196,Cyprus,Northern Africa and Western Asia,2024,100.0,99.0,,
203,Czechia,Europe and Northern America,2015,100.0,99.0,3.79,14.83
203,Czechia,Europe and Northern America,2016,100.0,99.0,3.65,14.77
203,Czechia,Europe and Northern America,2017,100.0,99.0,3.62,14.46
203,Czechia,Europe and Northern America,2018,100.0,99.0,3.53,14.71
203,Czechia,Europe and Northern America,2019,100.0,99.0,3.35,15.87
203,Czechia,Europe and Northern America,2020,100.0,99.0,3.34,16.96
203,Czechia,Europe and Northern America,2021,100.0,99.0,3.4,17.1
203,Czechia,Europe and Northern America,2022,100.0,99.0,3.22,17.08
203,Czechia,Europe and Northern America,2023,100.0,99.0,2.95,17.23
203,Czechia,Europe and Northern America,2024,100.0,99.0,,
384,Côte d'Ivoire,Sub-Saharan Africa,2015,62.6,26.0,3.14,64.51
384,Côte d'Ivoire,Sub-Saharan Africa,2016,64.3,28.0,3.08,64.03
384,Côte d'Ivoire,Sub-Saharan Africa,2017,65.6,31.0,2.96,62.53
384,Côte d'Ivoire,Sub-Saharan Africa,2018,67.1,33.0,2.65,60.51
384,Côte d'Ivoire,Sub-Saharan Africa,2019,68.6,36.0,2.68,59.94
384,Côte d'Ivoire,Sub-Saharan Africa,2020,69.9,38.0,2.79,61.75
384,Côte d'Ivoire,Sub-Saharan Africa,2021,71.1,41.0,3.3,57.13
384,Côte d'Ivoire,Sub-Saharan Africa,2022,70.4,43.0,3.23,55.93
384,Côte d'Ivoire,Sub-Saharan Africa,2023,72.4,46.0,3.11,54.54
384,Côte d'Ivoire,Sub-Saharan Africa,2024,72.9,48.0,,
408,Democratic People's Republic of Korea,Eastern and South-Eastern Asia,2015,40.0,10.0,3.87,22.64
408,Democratic People's Republic of Korea,Eastern and South-Eastern Asia,2016,42.1,11.0,4.23,24.02
408,Democratic People's Republic of Korea,Eastern and South-Eastern Asia,2017,44.2,12.0,7.9,10.22
408,Democratic People's Republic of Korea,Eastern and South-Eastern Asia,2018,46.3,13.0,7.23,11.83
408,Democratic People's Republic of Korea,Eastern and South-Eastern Asia,2019,48.4,14.0,7.92,10.04
408,Democratic People's Republic of Korea,Eastern and South-Eastern Asia,2020,50.5,15.0,7.57,11.15
408,Democratic People's Republic of Korea,Eastern and South-Eastern Asia,2021,52.6,17.0,6.47,14.61
408,Democratic People's Republic of Korea,Eastern and South-Eastern Asia,2022,54.7,18.0,6.71,14.3
408,Democratic People's Republic of Korea,Eastern and South-Eastern Asia,2023,57.5,20.0,6.99,13.16
408,Democratic People's Republic of Korea,Eastern and South-Eastern Asia,2024,61.4,22.0,,
180,Democratic Republic of the Congo,Sub-Saharan Africa,2015,16.6,4.0,10.55,95.67
180,Democratic Republic of the Congo,Sub-Saharan Africa,2016,17.3,4.0,10.79,96.61
180,Democratic Republic of the Congo,Sub-Saharan Africa,2017,18.0,4.0,10.47,95.86
180,Democratic Republic of the Congo,Sub-Saharan Africa,2018,18.7,4.0,10.09,96.09
180,Democratic Republic of the Congo,Sub-Saharan Africa,2019,19.1,4.0,9.8,96.3
180,Democratic Republic of the Congo,Sub-Saharan Africa,2020,20.1,4.0,11.15,95.57
180,Democratic Republic of the Congo,Sub-Saharan Africa,2021,20.8,4.0,12.04,95.57
180,Democratic Republic of the Congo,Sub-Saharan Africa,2022,21.5,4.0,12.08,95.72
180,Democratic Republic of the Congo,Sub-Saharan Africa,2023,22.1,4.0,11.27,95.89
180,Democratic Republic of the Congo,Sub-Saharan Africa,2024,22.5,5.0,,
208,Denmark,Europe and Northern America,2015,100.0,100.0,1.9,32.54
208,Denmark,Europe and Northern America,2016,100.0,100.0,1.89,31.96
208,Denmark,Europe and Northern America,2017,100.0,100.0,1.85,35.03
208,Denmark,Europe and Northern America,2018,100.0,100.0,1.81,34.54
208,Denmark,Europe and Northern America,2019,100.0,100.0,1.71,37.28
208,Denmark,Europe and Northern America,2020,100.0,100.0,1.67,39.38
208,Denmark,Europe and Northern America,2021,100.0,100.0,1.65,39.37
208,Denmark,Europe and Northern America,2022,100.0,100.0,1.55,38.87
208,Denmark,Europe and Northern America,2023,100.0,100.0,1.49,40.59
208,Denmark,Europe and Northern America,2024,100.0,100.0,,
262,Djibouti,Sub-Saharan Africa,2015,59.1,15.0,2.16,24.75
262,Djibouti,Sub-Saharan Africa,2016,59.8,17.0,1.92,23.63
262,Djibouti,Sub-Saharan Africa,2017,60.2,21.0,1.8,23.3
262,Djibouti,Sub-Saharan Africa,2018,62.4,24.0,1.85,24.95
262,Djibouti,Sub-Saharan Africa,2019,64.7,28.0,1.86,24.15
262,Djibouti,Sub-Saharan Africa,2020,64.5,31.0,1.7,26.77
262,Djibouti,Sub-Saharan Africa,2021,65.4,35.0,1.77,33.58
262,Djibouti,Sub-Saharan Africa,2022,65.0,39.0,1.68,38.51
262,Djibouti,Sub-Saharan Africa,2023,65.2,43.0,1.63,37.46
262,Djibouti,Sub-Saharan Africa,2024,69.2,46.0,1.61,42.5
212,Dominica,Latin America and the Caribbean,2015,96.7,91.0,2.36,8.68
212,Dominica,Latin America and the Caribbean,2016,97.8,91.0,2.28,10.74
212,Dominica,Latin America and the Caribbean,2017,98.9,92.0,2.19,9.66
212,Dominica,Latin America and the Caribbean,2018,99.6,92.0,2.22,7.89
212,Dominica,Latin America and the Caribbean,2019,99.9,92.0,2.2,7.59
212,Dominica,Latin America and the Caribbean,2020,100.0,92.0,2.4,8.54
212,Dominica,Latin America and the Caribbean,2021,100.0,93.0,2.28,8.78
212,Dominica,Latin America and the Caribbean,2022,100.0,93.0,2.22,8.86
212,Dominica,Latin America and the Caribbean,2023,100.0,94.0,2.22,7.9
212,Dominica,Latin America and the Caribbean,2024,100.0,94.0,2.28,8.47
214,Dominican Republic,Latin America and the Caribbean,2015,98.6,89.0,1.86,14.86
214,Dominican Republic,Latin America and the Caribbean,2016,98.9,90.0,1.86,15.3
214,Dominican Republic,Latin America and the Caribbean,2017,100.0,91.0,1.77,16.84
214,Dominican Republic,Latin America and the Caribbean,2018,98.9,91.0,1.74,15.91
214,Dominican Republic,Latin America and the Caribbean,2019,99.0,92.0,1.81,14.45
214,Dominican Republic,Latin America and the Caribbean,2020,100.0,92.0,1.85,15.81
214,Dominican Republic,Latin America and the Caribbean,2021,98.1,92.0,1.81,14.7
214,Dominican Republic,Latin America and the Caribbean,2022,98.1,93.0,1.75,13.39
214,Dominican Republic,Latin America and the Caribbean,2023,99.6,93.0,1.82,13.63
214,Dominican Republic,Latin America and the Caribbean,2024,99.5,93.0,,
218,Ecuador,Latin America and the Caribbean,2015,98.8,94.0,2.83,12.82
218,Ecuador,Latin America and the Caribbean,2016,98.7,94.0,2.73,14.45
218,Ecuador,Latin America and the Caribbean,2017,99.2,95.0,2.66,16.67
218,Ecuador,Latin America and the Caribbean,2018,98.7,95.0,2.55,16.31
218,Ecuador,Latin America and the Caribbean,2019,99.1,95.0,2.73,17.37
218,Ecuador,Latin America and the Caribbean,2020,98.9,95.0,2.64,19.76
218,Ecuador,Latin America and the Caribbean,2021,100.0,95.0,2.75,18.39
218,Ecuador,Latin America and the Caribbean,2022,100.0,95.0,2.68,16.77
218,Ecuador,Latin America and the Caribbean,2023,98.7,95.0,2.77,16.71
218,Ecuador,Latin America and the Caribbean,2024,98.5,95.0,,
818,Egypt,Northern Africa and Western Asia,2015,99.3,100.0,2.53,5.3
818,Egypt,Northern Africa and Western Asia,2016,100.0,100.0,2.66,5.09
818,Egypt,Northern Africa and Western Asia,2017,100.0,100.0,2.68,4.95
818,Egypt,Northern Africa and Western Asia,2018,100.0,100.0,2.52,5.05
818,Egypt,Northern Africa and Western Asia,2019,100.0,100.0,2.35,6.27
818,Egypt,Northern Africa and Western Asia,2020,100.0,100.0,2.2,6.24
818,Egypt,Northern Africa and Western Asia,2021,100.0,100.0,2.31,5.67
818,Egypt,Northern Africa and Western Asia,2022,100.0,100.0,2.31,5.67
818,Egypt,Northern Africa and Western Asia,2023,100.0,100.0,2.33,5.57
818,Egypt,Northern Africa and Western Asia,2024,100.0,100.0,,
222,El Salvador,Latin America and the Caribbean,2015,95.4,85.0,2.93,21.02
222,El Salvador,Latin America and the Caribbean,2016,96.0,87.0,2.92,20.7
222,El Salvador,Latin America and the Caribbean,2017,96.8,89.0,2.81,24.98
222,El Salvador,Latin America and the Caribbean,2018,97.0,90.0,2.82,23.21
222,El Salvador,Latin America and the Caribbean,2019,97.4,91.0,2.92,19.38
222,El Salvador,Latin America and the Caribbean,2020,99.7,92.0,2.89,23.71
222,El Salvador,Latin America and the Caribbean,2021,97.9,93.0,2.8,21.92
222,El Salvador,Latin America and the Caribbean,2022,100.0,94.0,2.9,18.63
222,El Salvador,Latin America and the Caribbean,2023,98.3,95.0,2.91,15.54
222,El Salvador,Latin America and the Caribbean,2024,98.7,95.0,,
226,Equatorial Guinea,Sub-Saharan Africa,2015,66.1,37.0,2.7,5.55
226,Equatorial Guinea,Sub-Saharan Africa,2016,66.2,39.0,3.34,4.79
226,Equatorial Guinea,Sub-Saharan Africa,2017,66.4,41.0,3.33,5.02
226,Equatorial Guinea,Sub-Saharan Africa,2018,66.5,43.0,3.65,4.86
226,Equatorial Guinea,Sub-Saharan Africa,2019,66.6,45.0,2.9,6.4
226,Equatorial Guinea,Sub-Saharan Africa,2020,66.7,46.0,3.42,5.67
226,Equatorial Guinea,Sub-Saharan Africa,2021,66.8,47.0,4.02,4.68
226,Equatorial Guinea,Sub-Saharan Africa,2022,67.0,48.0,4.18,4.32
226,Equatorial Guinea,Sub-Saharan Africa,2023,66.9,49.0,3.98,4.45
226,Equatorial Guinea,Sub-Saharan Africa,2024,65.1,50.0,3.91,4.53
232,Eritrea,Sub-Saharan Africa,2015,45.8,13.0,5.62,81.19
232,Eritrea,Sub-Saharan Africa,2016,46.9,14.0,5.38,81.39
232,Eritrea,Sub-Saharan Africa,2017,48.0,15.0,6.05,81.67
232,Eritrea,Sub-Saharan Africa,2018,49.1,16.0,5.52,80.84
232,Eritrea,Sub-Saharan Africa,2019,50.3,17.0,5.44,80.58
232,Eritrea,Sub-Saharan Africa,2020,51.4,18.0,5.56,80.95
232,Eritrea,Sub-Saharan Africa,2021,52.5,19.0,5.54,80.6
232,Eritrea,Sub-Saharan Africa,2022,55.4,20.0,5.43,79.95
232,Eritrea,Sub-Saharan Africa,2023,54.4,20.0,5.37,79.56
232,Eritrea,Sub-Saharan Africa,2024,55.3,21.0,,
233,Estonia,Europe and Northern America,2015,100.0,92.0,4.18,28.17
233,Estonia,Europe and Northern America,2016,100.0,93.0,5.03,27.23
233,Estonia,Europe and Northern America,2017,100.0,94.0,4.62,27.52
233,Estonia,Europe and Northern America,2018,100.0,94.0,4.31,28.56
233,Estonia,Europe and Northern America,2019,100.0,95.0,3.57,31.21
233,Estonia,Europe and Northern America,2020,100.0,95.0,3.38,40.28
233,Estonia,Europe and Northern America,2021,100.0,95.0,3.18,37.77
233,Estonia,Europe and Northern America,2022,100.0,96.0,3.39,37.01
233,Estonia,Europe and Northern America,2023,100.0,96.0,3.08,40.14
233,Estonia,Europe and Northern America,2024,100.0,96.0,,
748,Eswatini,Sub-Saharan Africa,2015,64.1,46.0,3.86,68.85
748,Eswatini,Sub-Saharan Africa,2016,63.4,47.0,3.72,64.3
748,Eswatini,Sub-Saharan Africa,2017,73.5,48.0,3.74,65.35
748,Eswatini,Sub-Saharan Africa,2018,74.0,49.0,4.01,66.73
748,Eswatini,Sub-Saharan Africa,2019,77.0,50.0,3.91,65.47
748,Eswatini,Sub-Saharan Africa,2020,80.0,51.0,3.99,68.38
748,Eswatini,Sub-Saharan Africa,2021,82.9,52.0,3.67,67.64
748,Eswatini,Sub-Saharan Africa,2022,82.3,53.0,3.64,66.24
748,Eswatini,Sub-Saharan Africa,2023,86.4,55.0,3.74,65.06
748,Eswatini,Sub-Saharan Africa,2024,89.3,56.0,3.68,64.68
231,Ethiopia,Sub-Saharan Africa,2015,29.0,4.0,8.23,90.36
231,Ethiopia,Sub-Saharan Africa,2016,42.9,5.0,7.9,89.18
231,Ethiopia,Sub-Saharan Africa,2017,44.3,5.0,7.34,89.53
231,Ethiopia,Sub-Saharan Africa,2018,44.8,5.0,7.05,88.69
231,Ethiopia,Sub-Saharan Africa,2019,48.0,6.0,6.67,87.85
231,Ethiopia,Sub-Saharan Africa,2020,51.1,6.0,6.35,89.04
231,Ethiopia,Sub-Saharan Africa,2021,54.2,6.0,6.02,88.31
231,Ethiopia,Sub-Saharan Africa,2022,55.0,7.0,5.91,88.3
231,Ethiopia,Sub-Saharan Africa,2023,55.4,7.0,5.71,88.87
231,Ethiopia,Sub-Saharan Africa,2024,56.6,7.0,,
238,Falkland Islands (Malvinas),Latin America and the Caribbean,2015,,,,1.72
238,Falkland Islands (Malvinas),Latin America and the Caribbean,2016,,,,2.02
238,Falkland Islands (Malvinas),Latin America and the Caribbean,2017,,,,2.0
238,Falkland Islands (Malvinas),Latin America and the Caribbean,2018,,,,1.82
238,Falkland Islands (Malvinas),Latin America and the Caribbean,2019,,,,1.75
238,Falkland Islands (Malvinas),Latin America and the Caribbean,2020,,,,1.47
238,Falkland Islands (Malvinas),Latin America and the Caribbean,2021,,,,1.47
238,Falkland Islands (Malvinas),Latin America and the Caribbean,2022,,,,1.56
238,Falkland Islands (Malvinas),Latin America and the Caribbean,2023,,,,1.48
238,Falkland Islands (Malvinas),Latin America and the Caribbean,2024,,,,1.56
234,Faroe Islands,Europe and Northern America,2015,100.0,,2.94,7.47
234,Faroe Islands,Europe and Northern America,2016,100.0,,2.94,6.32
234,Faroe Islands,Europe and Northern America,2017,100.0,,3.19,5.97
234,Faroe Islands,Europe and Northern America,2018,100.0,,3.19,5.86
234,Faroe Islands,Europe and Northern America,2019,100.0,,3.09,5.41
234,Faroe Islands,Europe and Northern America,2020,100.0,,3.23,5.34
234,Faroe Islands,Europe and Northern America,2021,100.0,,3.17,5.3
234,Faroe Islands,Europe and Northern America,2022,100.0,,2.88,7.76
234,Faroe Islands,Europe and Northern America,2023,100.0,,2.9,7.68
234,Faroe Islands,Europe and Northern America,2024,100.0,,,9.19
242,Fiji,Oceania,2015,93.2,40.0,2.52,35.04
242,Fiji,Oceania,2016,93.4,43.0,2.37,27.46
242,Fiji,Oceania,2017,96.0,46.0,2.54,27.83
242,Fiji,Oceania,2018,95.1,48.0,2.34,27.84
242,Fiji,Oceania,2019,96.1,51.0,2.28,27.39
242,Fiji,Oceania,2020,97.1,53.0,2.66,26.91
242,Fiji,Oceania,2021,92.1,55.0,2.39,32.99
242,Fiji,Oceania,2022,92.0,57.0,2.46,30.02
242,Fiji,Oceania,2023,99.3,59.0,2.57,26.23
242,Fiji,Oceania,2024,95.9,61.0,2.42,28.47
246,Finland,Europe and Northern America,2015,100.0,99.0,4.65,43.4
246,Finland,Europe and Northern America,2016,100.0,99.0,4.7,42.53
246,Finland,Europe and Northern America,2017,100.0,99.0,4.52,44.51
246,Finland,Europe and Northern America,2018,100.0,99.0,4.55,44.45
246,Finland,Europe and Northern America,2019,100.0,99.0,4.39,45.59
246,Finland,Europe and Northern America,2020,100.0,99.0,4.29,47.51
246,Finland,Europe and Northern America,2021,100.0,100.0,4.38,50.44
246,Finland,Europe and Northern America,2022,100.0,100.0,4.13,49.69
246,Finland,Europe and Northern America,2023,100.0,100.0,4.32,50.76
246,Finland,Europe and Northern America,2024,100.0,100.0,,
250,France,Europe and Northern America,2015,100.0,99.0,3.05,13.46
250,France,Europe and Northern America,2016,100.0,99.0,2.97,14.37
250,France,Europe and Northern America,2017,100.0,99.0,2.91,14.26
250,France,Europe and Northern America,2018,100.0,99.0,2.84,15.37
250,France,Europe and Northern America,2019,100.0,99.0,2.74,15.73
250,France,Europe and Northern America,2020,100.0,100.0,2.67,16.95
250,France,Europe and Northern America,2021,100.0,100.0,2.7,16.33
250,France,Europe and Northern America,2022,100.0,100.0,2.35,17.12
250,France,Europe and Northern America,2023,100.0,100.0,2.35,18.4
250,France,Europe and Northern America,2024,100.0,100.0,,
258,French Polynesia,Oceania,2015,100.0,,2.32,7.83
258,French Polynesia,Oceania,2016,100.0,,2.34,8.08
258,French Polynesia,Oceania,2017,100.0,,2.26,8.07
258,French Polynesia,Oceania,2018,100.0,,2.22,7.71
258,French Polynesia,Oceania,2019,100.0,,2.18,7.65
258,French Polynesia,Oceania,2020,100.0,,2.2,8.26
258,French Polynesia,Oceania,2021,100.0,,2.28,7.47
258,French Polynesia,Oceania,2022,100.0,,2.25,8.66
258,French Polynesia,Oceania,2023,100.0,,2.28,7.24
258,French Polynesia,Oceania,2024,100.0,,2.22,7.88
266,Gabon,Sub-Saharan Africa,2015,87.3,86.0,5.3,82.19
266,Gabon,Sub-Saharan Africa,2016,88.1,87.0,5.21,81.68
266,Gabon,Sub-Saharan Africa,2017,86.3,88.0,4.85,90.42
266,Gabon,Sub-Saharan Africa,2018,89.6,89.0,4.99,90.43
266,Gabon,Sub-Saharan Africa,2019,90.3,90.0,4.75,90.46
266,Gabon,Sub-Saharan Africa,2020,91.1,91.0,4.8,91.21
266,Gabon,Sub-Saharan Africa,2021,91.8,91.0,4.76,91.45
266,Gabon,Sub-Saharan Africa,2022,93.5,92.0,4.69,91.2
266,Gabon,Sub-Saharan Africa,2023,94.1,93.0,4.57,90.88
266,Gabon,Sub-Saharan Africa,2024,95.1,93.0,,
270,Gambia,Sub-Saharan Africa,2015,54.7,2.0,2.69,48.95
270,Gambia,Sub-Saharan Africa,2016,56.4,2.0,2.67,48.62
270,Gambia,Sub-Saharan Africa,2017,56.2,2.0,2.55,48.02
270,Gambia,Sub-Saharan Africa,2018,60.3,2.0,2.51,48.14
270,Gambia,Sub-Saharan Africa,2019,62.1,2.0,2.51,47.55
270,Gambia,Sub-Saharan Africa,2020,62.2,2.0,2.47,49.93
270,Gambia,Sub-Saharan Africa,2021,63.7,2.0,2.41,48.95
270,Gambia,Sub-Saharan Africa,2022,65.4,3.0,2.44,48.32
270,Gambia,Sub-Saharan Africa,2023,66.9,3.0,2.37,50.97
270,Gambia,Sub-Saharan Africa,2024,69.0,3.0,2.3,51.14
268,Georgia,Northern Africa and Western Asia,2015,100.0,79.0,3.53,27.54
268,Georgia,Northern Africa and Western Asia,2016,100.0,81.0,3.53,27.18
268,Georgia,Northern Africa and Western Asia,2017,100.0,84.0,3.38,27.52
268,Georgia,Northern Africa and Western Asia,2018,99.9,86.0,3.16,27.37
268,Georgia,Northern Africa and Western Asia,2019,100.0,88.0,3.16,24.69
268,Georgia,Northern Africa and Western Asia,2020,100.0,89.0,3.26,23.45
268,Georgia,Northern Africa and Western Asia,2021,100.0,91.0,3.16,25.18
268,Georgia,Northern Africa and Western Asia,2022,100.0,93.0,3.08,22.53
268,Georgia,Northern Africa and Western Asia,2023,100.0,94.0,2.84,21.3
268,Georgia,Northern Africa and Western Asia,2024,100.0,95.0,,
276,Germany,Europe and Northern America,2015,100.0,99.0,2.64,14.55
276,Germany,Europe and Northern America,2016,100.0,100.0,2.59,14.24
276,Germany,Europe and Northern America,2017,100.0,100.0,2.53,15.22
276,Germany,Europe and Northern America,2018,100.0,100.0,2.44,16.04
276,Germany,Europe and Northern America,2019,100.0,100.0,2.36,17.07
276,Germany,Europe and Northern America,2020,100.0,100.0,2.31,18.52
276,Germany,Europe and Northern America,2021,100.0,100.0,2.3,17.93
276,Germany,Europe and Northern America,2022,100.0,100.0,2.13,19.56
276,Germany,Europe and Northern America,2023,100.0,100.0,1.93,21.23
276,Germany,Europe and Northern America,2024,100.0,100.0,,
288,Ghana,Sub-Saharan Africa,2015,74.0,22.0,2.43,44.43
288,Ghana,Sub-Saharan Africa,2016,79.3,23.0,2.42,45.62
288,Ghana,Sub-Saharan Africa,2017,79.0,24.0,2.45,47.68
288,Ghana,Sub-Saharan Africa,2018,80.4,25.0,2.54,44.33
288,Ghana,Sub-Saharan Africa,2019,83.5,27.0,2.45,43.6
288,Ghana,Sub-Saharan Africa,2020,85.4,28.0,2.56,40.4
288,Ghana,Sub-Saharan Africa,2021,86.3,30.0,2.42,35.77
288,Ghana,Sub-Saharan Africa,2022,85.1,31.0,2.25,39.36
288,Ghana,Sub-Saharan Africa,2023,89.5,33.0,2.27,35.24
288,Ghana,Sub-Saharan Africa,2024,91.9,35.0,,
292,Gibraltar,Europe and Northern America,2015,100.0,,,0.0
292,Gibraltar,Europe and Northern America,2016,100.0,,,0.0
292,Gibraltar,Europe and Northern America,2017,100.0,,,0.0
292,Gibraltar,Europe and Northern America,2018,100.0,,,0.0
292,Gibraltar,Europe and Northern America,2019,100.0,,,0.0
292,Gibraltar,Europe and Northern America,2020,100.0,,,0.0
292,Gibraltar,Europe and Northern America,2021,100.0,,,0.0
292,Gibraltar,Europe and Northern America,2022,100.0,,,0.0
292,Gibraltar,Europe and Northern America,2023,100.0,,,0.0
292,Gibraltar,Europe and Northern America,2024,100.0,,,
300,Greece,Europe and Northern America,2015,100.0,99.0,2.86,17.47
300,Greece,Europe and Northern America,2016,100.0,99.0,2.8,16.42
300,Greece,Europe and Northern America,2017,100.0,99.0,2.81,16.4
300,Greece,Europe and Northern America,2018,100.0,99.0,2.67,17.87
300,Greece,Europe and Northern America,2019,100.0,99.0,2.57,18.54
300,Greece,Europe and Northern America,2020,100.0,100.0,2.52,20.09
300,Greece,Europe and Northern America,2021,100.0,100.0,2.4,21.47
300,Greece,Europe and Northern America,2022,100.0,100.0,2.28,21.01
300,Greece,Europe and Northern America,2023,100.0,100.0,2.13,23.29
300,Greece,Europe and Northern America,2024,100.0,100.0,,
304,Greenland,Europe and Northern America,2015,100.0,,2.63,12.32
304,Greenland,Europe and Northern America,2016,100.0,,2.36,12.34
304,Greenland,Europe and Northern America,2017,100.0,,2.43,11.19
304,Greenland,Europe and Northern America,2018,100.0,,2.4,11.97
304,Greenland,Europe and Northern America,2019,100.0,,2.37,11.08
304,Greenland,Europe and Northern America,2020,100.0,,2.43,11.33
304,Greenland,Europe and Northern America,2021,100.0,,2.33,11.58
304,Greenland,Europe and Northern America,2022,100.0,,2.52,11.99
304,Greenland,Europe and Northern America,2023,100.0,,2.53,11.73
304,Greenland,Europe and Northern America,2024,100.0,,,11.55
308,Grenada,Latin America and the Caribbean,2015,91.4,94.0,2.33,11.09
308,Grenada,Latin America and the Caribbean,2016,91.8,95.0,2.35,11.0
308,Grenada,Latin America and the Caribbean,2017,92.2,95.0,2.39,10.74
308,Grenada,Latin America and the Caribbean,2018,92.3,95.0,2.42,10.65
308,Grenada,Latin America and the Caribbean,2019,93.0,95.0,2.59,10.36
308,Grenada,Latin America and the Caribbean,2020,93.4,96.0,2.59,10.3
308,Grenada,Latin America and the Caribbean,2021,93.7,96.0,2.66,10.12
308,Grenada,Latin America and the Caribbean,2022,94.2,96.0,2.65,9.48
308,Grenada,Latin America and the Caribbean,2023,94.4,96.0,2.66,9.23
308,Grenada,Latin America and the Caribbean,2024,95.6,96.0,2.64,9.11
316,Guam,Oceania,2015,100.0,,,2.32
316,Guam,Oceania,2016,100.0,,,4.38
316,Guam,Oceania,2017,100.0,,,3.9
316,Guam,Oceania,2018,100.0,,,4.49
316,Guam,Oceania,2019,100.0,,,4.47
316,Guam,Oceania,2020,100.0,,,4.58
316,Guam,Oceania,2021,100.0,,,4.5
316,Guam,Oceania,2022,100.0,,,6.52
316,Guam,Oceania,2023,100.0,,,6.48
316,Guam,Oceania,2024,100.0,,,12.53
320,Guatemala,Latin America and the Caribbean,2015,90.5,40.0,3.06,63.3
320,Guatemala,Latin America and the Caribbean,2016,91.8,40.0,3.21,63.24
320,Guatemala,Latin America and the Caribbean,2017,93.3,42.0,3.11,65.12
320,Guatemala,Latin America and the Caribbean,2018,94.2,42.0,3.12,64.02
320,Guatemala,Latin America and the Caribbean,2019,95.4,44.0,3.11,62.82
320,Guatemala,Latin America and the Caribbean,2020,96.6,45.0,3.11,65.46
320,Guatemala,Latin America and the Caribbean,2021,97.9,46.0,3.27,62.37
320,Guatemala,Latin America and the Caribbean,2022,99.1,48.0,3.06,63.29
320,Guatemala,Latin America and the Caribbean,2023,100.0,49.0,3.16,62.49
320,Guatemala,Latin America and the Caribbean,2024,90.9,51.0,,
831,Guernsey,Europe and Northern America,2015,,,,0.0
831,Guernsey,Europe and Northern America,2016,,,,0.0
831,Guernsey,Europe and Northern America,2017,,,,0.0
831,Guernsey,Europe and Northern America,2018,,,,0.2
831,Guernsey,Europe and Northern America,2019,,,,0.07
831,Guernsey,Europe and Northern America,2020,,,,1.59
831,Guernsey,Europe and Northern America,2021,,,,1.43
831,Guernsey,Europe and Northern America,2022,,,,1.26
831,Guernsey,Europe and Northern America,2023,,,,1.32
831,Guernsey,Europe and Northern America,2024,,,,2.21
324,Guinea,Sub-Saharan Africa,2015,34.9,1.0,4.4,75.93
324,Guinea,Sub-Saharan Africa,2016,33.5,1.0,4.11,75.35
324,Guinea,Sub-Saharan Africa,2017,35.4,1.0,4.55,71.12
324,Guinea,Sub-Saharan Africa,2018,45.0,1.0,3.94,69.1
324,Guinea,Sub-Saharan Africa,2019,42.2,1.0,3.85,67.66
324,Guinea,Sub-Saharan Africa,2020,44.7,1.0,3.79,66.26
324,Guinea,Sub-Saharan Africa,2021,46.8,2.0,3.59,67.05
324,Guinea,Sub-Saharan Africa,2022,47.7,2.0,3.47,67.47
324,Guinea,Sub-Saharan Africa,2023,51.1,2.0,3.29,67.11
324,Guinea,Sub-Saharan Africa,2024,53.8,2.0,3.15,66.28
624,Guinea-Bissau,Sub-Saharan Africa,2015,20.1,1.0,5.79,89.73
624,Guinea-Bissau,Sub-Saharan Africa,2016,22.9,1.0,5.3,89.83
624,Guinea-Bissau,Sub-Saharan Africa,2017,26.0,1.0,5.15,87.98
624,Guinea-Bissau,Sub-Saharan Africa,2018,28.4,1.0,5.02,87.69
624,Guinea-Bissau,Sub-Saharan Africa,2019,30.9,1.0,4.29,88.25
624,Guinea-Bissau,Sub-Saharan Africa,2020,33.4,2.0,4.42,85.89
624,Guinea-Bissau,Sub-Saharan Africa,2021,35.8,2.0,4.57,88.78
624,Guinea-Bissau,Sub-Saharan Africa,2022,37.4,2.0,4.81,86.16
624,Guinea-Bissau,Sub-Saharan Africa,2023,40.5,2.0,4.39,84.6
624,Guinea-Bissau,Sub-Saharan Africa,2024,43.7,2.0,4.26,84.11
328,Guyana,Latin America and the Caribbean,2015,88.0,73.0,3.78,24.94
328,Guyana,Latin America and the Caribbean,2016,89.0,76.0,3.94,21.41
328,Guyana,Latin America and the Caribbean,2017,90.0,78.0,3.74,22.18
328,Guyana,Latin America and the Caribbean,2018,90.9,79.0,3.65,16.81
328,Guyana,Latin America and the Caribbean,2019,91.6,80.0,3.74,10.94
328,Guyana,Latin America and the Caribbean,2020,92.3,81.0,2.59,11.82
328,Guyana,Latin America and the Caribbean,2021,92.9,80.0,2.42,12.73
328,Guyana,Latin America and the Caribbean,2022,93.0,79.0,1.91,7.95
328,Guyana,Latin America and the Caribbean,2023,98.9,76.0,1.36,9.37
328,Guyana,Latin America and the Caribbean,2024,93.0,73.0,1.07,8.28
332,Haiti,Latin America and the Caribbean,2015,40.8,4.0,4.88,75.32
332,Haiti,Latin America and the Caribbean,2016,40.4,5.0,4.96,75.33
332,Haiti,Latin America and the Caribbean,2017,43.3,5.0,4.91,76.12
332,Haiti,Latin America and the Caribbean,2018,44.4,5.0,5.01,74.3
332,Haiti,Latin America and the Caribbean,2019,45.4,5.0,5.02,77.17
332,Haiti,Latin America and the Caribbean,2020,46.3,5.0,5.06,75.61
332,Haiti,Latin America and the Caribbean,2021,47.2,5.0,5.29,73.54
332,Haiti,Latin America and the Caribbean,2022,49.3,5.0,5.07,79.15
332,Haiti,Latin America and the Caribbean,2023,51.3,5.0,4.57,84.9
332,Haiti,Latin America and the Caribbean,2024,53.9,6.0,,
340,Honduras,Latin America and the Caribbean,2015,90.0,46.0,4.75,50.02
340,Honduras,Latin America and the Caribbean,2016,91.6,47.0,4.35,51.83
340,Honduras,Latin America and the Caribbean,2017,86.5,48.0,3.69,45.63
340,Honduras,Latin America and the Caribbean,2018,91.6,49.0,3.8,48.86
340,Honduras,Latin America and the Caribbean,2019,91.1,50.0,3.9,46.2
340,Honduras,Latin America and the Caribbean,2020,93.1,52.0,4.07,48.87
340,Honduras,Latin America and the Caribbean,2021,94.1,53.0,3.85,44.65
340,Honduras,Latin America and the Caribbean,2022,94.4,55.0,3.78,44.25
340,Honduras,Latin America and the Caribbean,2023,95.6,55.0,3.84,40.54
340,Honduras,Latin America and the Caribbean,2024,95.5,57.0,,
348,Hungary,Europe and Northern America,2015,100.0,97.0,3.39,15.6
348,Hungary,Europe and Northern America,2016,100.0,97.0,3.35,15.34
348,Hungary,Europe and Northern America,2017,100.0,97.0,3.36,14.55
348,Hungary,Europe and Northern America,2018,100.0,98.0,3.18,13.6
348,Hungary,Europe and Northern America,2019,100.0,98.0,3.03,13.64
348,Hungary,Europe and Northern America,2020,100.0,98.0,3.12,14.76
348,Hungary,Europe and Northern America,2021,100.0,98.0,3.04,15.27
348,Hungary,Europe and Northern America,2022,100.0,98.0,2.73,16.41
348,Hungary,Europe and Northern America,2023,100.0,99.0,2.59,18.34
348,Hungary,Europe and Northern America,2024,100.0,99.0,,
352,Iceland,Europe and Northern America,2015,100.0,100.0,11.4,78.03
352,Iceland,Europe and Northern America,2016,100.0,100.0,10.1,80.91
352,Iceland,Europe and Northern America,2017,100.0,100.0,10.33,80.79
352,Iceland,Europe and Northern America,2018,100.0,100.0,10.84,81.36
352,Iceland,Europe and Northern America,2019,100.0,100.0,10.55,81.67
352,Iceland,Europe and Northern America,2020,100.0,100.0,11.06,82.92
352,Iceland,Europe and Northern America,2021,100.0,100.0,10.48,82.43
352,Iceland,Europe and Northern America,2022,100.0,100.0,9.9,82.28
352,Iceland,Europe and Northern America,2023,100.0,100.0,9.43,82.69
352,Iceland,Europe and Northern America,2024,100.0,100.0,,
356,India,Central and Southern Asia,2015,88.0,49.0,4.02,33.45
356,India,Central and Southern Asia,2016,89.6,53.0,3.78,33.2
356,India,Central and Southern Asia,2017,91.8,57.0,3.7,32.8
356,India,Central and Southern Asia,2018,95.7,61.0,3.63,33.19
356,India,Central and Southern Asia,2019,95.9,64.0,3.52,33.74
356,India,Central and Southern Asia,2020,96.5,68.0,3.58,36.21
356,India,Central and Southern Asia,2021,99.6,71.0,3.52,35.05
356,India,Central and Southern Asia,2022,99.2,75.0,3.55,34.21
356,India,Central and Southern Asia,2023,99.5,78.0,3.44,32.84
356,India,Central and Southern Asia,2024,99.9,81.0,,
360,Indonesia,Eastern and South-Eastern Asia,2015,97.5,69.0,2.71,12.59
360,Indonesia,Eastern and South-Eastern Asia,2016,97.6,73.0,2.68,14.03
360,Indonesia,Eastern and South-Eastern Asia,2017,98.1,76.0,2.71,12.41
360,Indonesia,Eastern and South-Eastern Asia,2018,98.5,79.0,2.84,12.92
360,Indonesia,Eastern and South-Eastern Asia,2019,98.9,81.0,2.79,13.99
360,Indonesia,Eastern and South-Eastern Asia,2020,97.0,84.0,2.89,16.92
360,Indonesia,Eastern and South-Eastern Asia,2021,99.2,86.0,2.96,16.87
360,Indonesia,Eastern and South-Eastern Asia,2022,100.0,87.0,3.01,16.62
360,Indonesia,Eastern and South-Eastern Asia,2023,99.4,89.0,2.96,16.69
360,Indonesia,Eastern and South-Eastern Asia,2024,99.9,90.0,,
364,Iran (Islamic Republic of),Central and Southern Asia,2015,100.0,98.0,7.56,0.93
364,Iran (Islamic Republic of),Central and Southern Asia,2016,100.0,98.0,7.52,1.07
364,Iran (Islamic Republic of),Central and Southern Asia,2017,99.9,99.0,7.84,1.02
364,Iran (Islamic Republic of),Central and Southern Asia,2018,100.0,99.0,7.96,1.06
364,Iran (Islamic Republic of),Central and Southern Asia,2019,100.0,99.0,8.97,1.56
364,Iran (Islamic Republic of),Central and Southern Asia,2020,100.0,99.0,8.87,1.19
364,Iran (Islamic Republic of),Central and Southern Asia,2021,100.0,99.0,8.85,0.78
364,Iran (Islamic Republic of),Central and Southern Asia,2022,100.0,99.0,8.41,0.93
364,Iran (Islamic Republic of),Central and Southern Asia,2023,100.0,99.0,8.35,0.92
364,Iran (Islamic Republic of),Central and Southern Asia,2024,100.0,99.0,,
368,Iraq,Northern Africa and Western Asia,2015,99.4,98.0,3.14,0.81
368,Iraq,Northern Africa and Western Asia,2016,99.7,99.0,2.98,0.89
368,Iraq,Northern Africa and Western Asia,2017,99.9,99.0,3.41,0.57
368,Iraq,Northern Africa and Western Asia,2018,99.9,99.0,3.69,0.41
368,Iraq,Northern Africa and Western Asia,2019,100.0,99.0,3.67,0.73
368,Iraq,Northern Africa and Western Asia,2020,100.0,99.0,3.71,0.71
368,Iraq,Northern Africa and Western Asia,2021,100.0,99.0,4.17,0.57
368,Iraq,Northern Africa and Western Asia,2022,100.0,99.0,4.4,0.42
368,Iraq,Northern Africa and Western Asia,2023,100.0,99.0,4.74,0.25
368,Iraq,Northern Africa and Western Asia,2024,100.0,99.0,,
372,Ireland,Europe and Northern America,2015,100.0,100.0,1.47,9.58
372,Ireland,Europe and Northern America,2016,100.0,100.0,1.53,8.67
372,Ireland,Europe and Northern America,2017,100.0,100.0,1.37,10.17
372,Ireland,Europe and Northern America,2018,100.0,100.0,1.27,10.89
372,Ireland,Europe and Northern America,2019,100.0,100.0,1.2,12.41
372,Ireland,Europe and Northern America,2020,100.0,100.0,1.09,13.75
372,Ireland,Europe and Northern America,2021,100.0,100.0,0.97,12.66
372,Ireland,Europe and Northern America,2022,100.0,100.0,0.89,13.83
372,Ireland,Europe and Northern America,2023,100.0,100.0,0.88,16.4
372,Ireland,Europe and Northern America,2024,100.0,100.0,,
833,Isle of Man,Europe and Northern America,2015,100.0,,,2.17
833,Isle of Man,Europe and Northern America,2016,100.0,,,1.91
833,Isle of Man,Europe and Northern America,2017,100.0,,,1.88
833,Isle of Man,Europe and Northern America,2018,100.0,,,2.04
833,Isle of Man,Europe and Northern America,2019,100.0,,,1.9
833,Isle of Man,Europe and Northern America,2020,100.0,,,2.04
833,Isle of Man,Europe and Northern America,2021,100.0,,,3.16
833,Isle of Man,Europe and Northern America,2022,100.0,,,1.66
833,Isle of Man,Europe and Northern America,2023,100.0,,,1.53
833,Isle of Man,Europe and Northern America,2024,100.0,,,1.68
376,Israel,Northern Africa and Western Asia,2015,100.0,99.0,2.67,3.74
376,Israel,Northern Africa and Western Asia,2016,100.0,99.0,2.56,3.99
376,Israel,Northern Africa and Western Asia,2017,100.0,99.0,2.42,3.89
376,Israel,Northern Africa and Western Asia,2018,100.0,99.0,2.38,3.84
376,Israel,Northern Africa and Western Asia,2019,100.0,99.0,2.26,4.49
376,Israel,Northern Africa and Western Asia,2020,100.0,99.0,2.39,5.61
376,Israel,Northern Africa and Western Asia,2021,100.0,99.0,2.2,6.2
376,Israel,Northern Africa and Western Asia,2022,100.0,100.0,2.17,6.38
376,Israel,Northern Africa and Western Asia,2023,100.0,100.0,2.16,7.63
376,Israel,Northern Africa and Western Asia,2024,100.0,100.0,,
380,Italy,Europe and Northern America,2015,100.0,99.0,2.21,16.57
380,Italy,Europe and Northern America,2016,100.0,99.0,2.16,16.09
380,Italy,Europe and Northern America,2017,100.0,99.0,2.16,16.43
380,Italy,Europe and Northern America,2018,100.0,99.0,2.11,17.08
380,Italy,Europe and Northern America,2019,100.0,99.0,2.07,17.27
380,Italy,Europe and Northern America,2020,100.0,99.0,2.1,18.69
380,Italy,Europe and Northern America,2021,100.0,99.0,2.1,17.53
380,Italy,Europe and Northern America,2022,100.0,99.0,1.9,16.32
380,Italy,Europe and Northern America,2023,100.0,99.0,1.8,18.5
380,Italy,Europe and Northern America,2024,100.0,99.0,,
388,Jamaica,Latin America and the Caribbean,2015,94.9,88.0,3.8,12.12
388,Jamaica,Latin America and the Caribbean,2016,96.6,89.0,4.09,11.13
388,Jamaica,Latin America and the Caribbean,2017,97.4,90.0,3.7,10.98
388,Jamaica,Latin America and the Caribbean,2018,98.2,90.0,4.05,8.88
388,Jamaica,Latin America and the Caribbean,2019,98.9,91.0,4.15,9.25
388,Jamaica,Latin America and the Caribbean,2020,99.7,92.0,3.36,11.74
388,Jamaica,Latin America and the Caribbean,2021,100.0,92.0,3.52,10.49
388,Jamaica,Latin America and the Caribbean,2022,100.0,92.0,3.63,8.7
388,Jamaica,Latin America and the Caribbean,2023,97.7,93.0,3.43,9.41
388,Jamaica,Latin America and the Caribbean,2024,97.7,93.0,,
392,Japan,Eastern and South-Eastern Asia,2015,100.0,99.0,3.26,6.17
392,Japan,Eastern and South-Eastern Asia,2016,100.0,99.0,3.21,6.39
392,Japan,Eastern and South-Eastern Asia,2017,100.0,99.0,3.17,6.93
392,Japan,Eastern and South-Eastern Asia,2018,100.0,99.0,3.1,7.28
392,Japan,Eastern and South-Eastern Asia,2019,100.0,99.0,3.04,7.78
392,Japan,Eastern and South-Eastern Asia,2020,100.0,99.0,2.95,8.45
392,Japan,Eastern and South-Eastern Asia,2021,100.0,100.0,3.0,8.82
392,Japan,Eastern and South-Eastern Asia,2022,100.0,100.0,2.9,9.29
392,Japan,Eastern and South-Eastern Asia,2023,100.0,100.0,2.77,9.68
392,Japan,Eastern and South-Eastern Asia,2024,100.0,100.0,,
832,Jersey,Europe and Northern America,2015,,,,15.9
832,Jersey,Europe and Northern America,2016,,,,12.4
832,Jersey,Europe and Northern America,2017,,,,17.27
832,Jersey,Europe and Northern America,2018,,,,17.73
832,Jersey,Europe and Northern America,2019,,,,18.17
832,Jersey,Europe and Northern America,2020,,,,19.61
832,Jersey,Europe and Northern America,2021,,,,18.74
832,Jersey,Europe and Northern America,2022,,,,19.34
832,Jersey,Europe and Northern America,2023,,,,19.69
832,Jersey,Europe and Northern America,2024,,,,20.22
400,Jordan,Northern Africa and Western Asia,2015,99.9,100.0,3.95,3.19
400,Jordan,Northern Africa and Western Asia,2016,100.0,100.0,3.99,4.67
400,Jordan,Northern Africa and Western Asia,2017,100.0,100.0,4.11,5.26
400,Jordan,Northern Africa and Western Asia,2018,99.9,100.0,3.91,7.18
400,Jordan,Northern Africa and Western Asia,2019,99.9,100.0,3.66,8.04
400,Jordan,Northern Africa and Western Asia,2020,99.9,100.0,3.5,10.41
400,Jordan,Northern Africa and Western Asia,2021,99.9,100.0,3.38,11.02
400,Jordan,Northern Africa and Western Asia,2022,100.0,100.0,3.42,10.72
400,Jordan,Northern Africa and Western Asia,2023,100.0,100.0,3.43,10.99
400,Jordan,Northern Africa and Western Asia,2024,100.0,100.0,,
398,Kazakhstan,Central and Southern Asia,2015,100.0,94.0,4.11,1.71
398,Kazakhstan,Central and Southern Asia,2016,100.0,94.0,4.59,2.01
398,Kazakhstan,Central and Southern Asia,2017,100.0,94.0,4.51,2.0
398,Kazakhstan,Central and Southern Asia,2018,100.0,95.0,4.92,1.88
398,Kazakhstan,Central and Southern Asia,2019,100.0,95.0,4.71,1.85
398,Kazakhstan,Central and Southern Asia,2020,100.0,95.0,4.42,1.78
398,Kazakhstan,Central and Southern Asia,2021,100.0,96.0,4.5,1.91
398,Kazakhstan,Central and Southern Asia,2022,100.0,96.0,4.38,2.1
398,Kazakhstan,Central and Southern Asia,2023,100.0,96.0,4.4,2.13
398,Kazakhstan,Central and Southern Asia,2024,100.0,96.0,,
404,Kenya,Sub-Saharan Africa,2015,41.6,12.0,4.75,70.6
404,Kenya,Sub-Saharan Africa,2016,53.1,14.0,4.68,69.53
404,Kenya,Sub-Saharan Africa,2017,55.8,16.0,4.65,69.25
404,Kenya,Sub-Saharan Africa,2018,61.2,18.0,4.56,68.94
404,Kenya,Sub-Saharan Africa,2019,69.7,20.0,4.4,68.33
404,Kenya,Sub-Saharan Africa,2020,71.5,22.0,4.43,69.32
404,Kenya,Sub-Saharan Africa,2021,76.5,25.0,4.23,67.81
404,Kenya,Sub-Saharan Africa,2022,76.0,27.0,4.13,68.29
404,Kenya,Sub-Saharan Africa,2023,76.2,30.0,4.01,68.6
404,Kenya,Sub-Saharan Africa,2024,77.0,32.0,,
296,Kiribati,Oceania,2015,90.6,6.0,5.17,47.48
296,Kiribati,Oceania,2016,92.6,7.0,4.65,48.1
296,Kiribati,Oceania,2017,85.7,8.0,5.24,42.51
296,Kiribati,Oceania,2018,87.5,10.0,5.09,42.31
296,Kiribati,Oceania,2019,89.3,12.0,4.94,42.19
296,Kiribati,Oceania,2020,91.0,14.0,4.98,42.38
296,Kiribati,Oceania,2021,92.8,16.0,4.59,42.23
296,Kiribati,Oceania,2022,94.4,19.0,4.44,41.93
296,Kiribati,Oceania,2023,95.9,21.0,4.35,41.81
296,Kiribati,Oceania,2024,97.7,24.0,4.2,41.45
412,Kosovo,Europe and Northern America,2015,,,5.67,20.37
412,Kosovo,Europe and Northern America,2016,,,5.75,26.52
412,Kosovo,Europe and Northern America,2017,,,5.21,25.26
412,Kosovo,Europe and Northern America,2018,,,5.07,27.0
412,Kosovo,Europe and Northern America,2019,,,5.0,26.1
412,Kosovo,Europe and Northern America,2020,,,5.28,25.91
412,Kosovo,Europe and Northern America,2021,,,5.16,24.09
412,Kosovo,Europe and Northern America,2022,,,4.56,20.63
412,Kosovo,Europe and Northern America,2023,,,4.21,20.97
414,Kuwait,Northern Africa and Western Asia,2015,100.0,100.0,7.06,0.18
414,Kuwait,Northern Africa and Western Asia,2016,100.0,100.0,7.13,0.23
414,Kuwait,Northern Africa and Western Asia,2017,100.0,100.0,7.64,0.23
414,Kuwait,Northern Africa and Western Asia,2018,100.0,100.0,7.93,0.28
414,Kuwait,Northern Africa and Western Asia,2019,100.0,100.0,6.81,0.12
414,Kuwait,Northern Africa and Western Asia,2020,100.0,100.0,7.53,0.16
414,Kuwait,Northern Africa and Western Asia,2021,100.0,100.0,7.09,0.14
414,Kuwait,Northern Africa and Western Asia,2022,100.0,100.0,7.44,0.13
414,Kuwait,Northern Africa and Western Asia,2023,100.0,100.0,7.84,0.13
414,Kuwait,Northern Africa and Western Asia,2024,100.0,100.0,,
417,Kyrgyzstan,Central and Southern Asia,2015,98.7,76.0,4.91,23.51
417,Kyrgyzstan,Central and Southern Asia,2016,99.7,76.0,4.56,22.16
417,Kyrgyzstan,Central and Southern Asia,2017,100.0,77.0,4.34,24.73
417,Kyrgyzstan,Central and Southern Asia,2018,100.0,78.0,4.97,23.39
417,Kyrgyzstan,Central and Southern Asia,2019,99.9,78.0,4.19,28.31
417,Kyrgyzstan,Central and Southern Asia,2020,99.9,79.0,4.25,30.04
417,Kyrgyzstan,Central and Southern Asia,2021,99.7,79.0,4.35,27.63
417,Kyrgyzstan,Central and Southern Asia,2022,99.7,80.0,4.39,28.24
417,Kyrgyzstan,Central and Southern Asia,2023,100.0,81.0,3.76,29.32
417,Kyrgyzstan,Central and Southern Asia,2024,100.0,82.0,,
418,Lao People's Democratic Republic,Eastern and South-Eastern Asia,2015,89.7,6.0,3.66,53.27
418,Lao People's Democratic Republic,Eastern and South-Eastern Asia,2016,89.0,6.0,4.54,51.73
418,Lao People's Democratic Republic,Eastern and South-Eastern Asia,2017,93.6,7.0,4.68,50.63
418,Lao People's Democratic Republic,Eastern and South-Eastern Asia,2018,92.9,7.0,4.49,50.22
418,Lao People's Democratic Republic,Eastern and South-Eastern Asia,2019,98.4,8.0,3.95,54.37
418,Lao People's Democratic Republic,Eastern and South-Eastern Asia,2020,99.3,8.0,3.87,56.52
418,Lao People's Democratic Republic,Eastern and South-Eastern Asia,2021,100.0,8.0,3.93,57.11
418,Lao People's Democratic Republic,Eastern and South-Eastern Asia,2022,100.0,9.0,4.23,56.73
418,Lao People's Democratic Republic,Eastern and South-Eastern Asia,2023,96.5,9.0,4.27,56.34
418,Lao People's Democratic Republic,Eastern and South-Eastern Asia,2024,96.5,10.0,3.92,54.63
428,Latvia,Europe and Northern America,2015,100.0,88.0,3.06,38.1
428,Latvia,Europe and Northern America,2016,100.0,89.0,2.98,38.48
428,Latvia,Europe and Northern America,2017,100.0,90.0,2.98,42.6
428,Latvia,Europe and Northern America,2018,100.0,90.0,3.0,40.97
428,Latvia,Europe and Northern America,2019,100.0,90.0,2.89,41.49
428,Latvia,Europe and Northern America,2020,100.0,91.0,2.86,43.75
428,Latvia,Europe and Northern America,2021,100.0,91.0,2.79,43.98
428,Latvia,Europe and Northern America,2022,100.0,91.0,2.6,47.27
428,Latvia,Europe and Northern America,2023,100.0,92.0,2.51,47.36
428,Latvia,Europe and Northern America,2024,100.0,92.0,,
422,Lebanon,Northern Africa and Western Asia,2015,99.7,89.0,4.19,4.17
422,Lebanon,Northern Africa and Western Asia,2016,99.8,89.0,4.26,3.96
422,Lebanon,Northern Africa and Western Asia,2017,99.9,90.0,4.47,3.97
422,Lebanon,Northern Africa and Western Asia,2018,99.7,90.0,4.29,4.74
422,Lebanon,Northern Africa and Western Asia,2019,100.0,90.0,4.64,5.47
422,Lebanon,Northern Africa and Western Asia,2020,100.0,91.0,5.09,6.24
422,Lebanon,Northern Africa and Western Asia,2021,100.0,90.0,3.95,6.85
422,Lebanon,Northern Africa and Western Asia,2022,100.0,90.0,2.59,14.82
422,Lebanon,Northern Africa and Western Asia,2023,100.0,90.0,3.14,16.58
422,Lebanon,Northern Africa and Western Asia,2024,100.0,90.0,,
426,Lesotho,Sub-Saharan Africa,2015,31.8,42.0,5.01,69.25
426,Lesotho,Sub-Saharan Africa,2016,35.1,44.0,4.91,67.08
426,Lesotho,Sub-Saharan Africa,2017,33.7,46.0,4.89,65.78
426,Lesotho,Sub-Saharan Africa,2018,47.0,47.0,4.92,64.5
426,Lesotho,Sub-Saharan Africa,2019,44.6,49.0,5.07,63.36
426,Lesotho,Sub-Saharan Africa,2020,47.5,50.0,5.09,65.34
426,Lesotho,Sub-Saharan Africa,2021,50.4,52.0,5.23,63.43
426,Lesotho,Sub-Saharan Africa,2022,50.0,54.0,5.43,57.07
426,Lesotho,Sub-Saharan Africa,2023,57.3,56.0,4.58,61.08
426,Lesotho,Sub-Saharan Africa,2024,60.6,58.0,4.51,61.54
430,Liberia,Sub-Saharan Africa,2015,15.2,1.0,10.55,93.12
430,Liberia,Sub-Saharan Africa,2016,17.7,1.0,10.98,93.81
430,Liberia,Sub-Saharan Africa,2017,24.2,1.0,11.02,94.44
430,Liberia,Sub-Saharan Africa,2018,22.8,1.0,11.08,95.14
430,Liberia,Sub-Saharan Africa,2019,23.1,1.0,12.3,90.3
430,Liberia,Sub-Saharan Africa,2020,27.6,1.0,12.59,93.76
430,Liberia,Sub-Saharan Africa,2021,29.8,1.0,12.21,94.69
430,Liberia,Sub-Saharan Africa,2022,31.8,1.0,12.22,93.88
430,Liberia,Sub-Saharan Africa,2023,32.5,1.0,12.23,92.94
430,Liberia,Sub-Saharan Africa,2024,34.9,1.0,11.92,94.35
434,Libya,Northern Africa and Western Asia,2015,73.8,94.0,10.11,2.4
434,Libya,Northern Africa and Western Asia,2016,72.2,94.0,11.86,2.3
434,Libya,Northern Africa and Western Asia,2017,70.6,94.0,10.04,2.39
434,Libya,Northern Africa and Western Asia,2018,67.0,94.0,8.55,2.45
434,Libya,Northern Africa and Western Asia,2019,68.5,95.0,10.78,2.47
434,Libya,Northern Africa and Western Asia,2020,69.4,95.0,5.92,2.72
434,Libya,Northern Africa and Western Asia,2021,70.2,95.0,6.96,2.53
434,Libya,Northern Africa and Western Asia,2022,70.0,95.0,5.64,2.49
434,Libya,Northern Africa and Western Asia,2023,73.2,95.0,8.93,2.43
434,Libya,Northern Africa and Western Asia,2024,77.4,95.0,,
438,Liechtenstein,Europe and Northern America,2015,100.0,,0.53,55.53
438,Liechtenstein,Europe and Northern America,2016,100.0,,0.52,55.82
438,Liechtenstein,Europe and Northern America,2017,100.0,,0.5,55.33
438,Liechtenstein,Europe and Northern America,2018,100.0,,0.48,56.45
438,Liechtenstein,Europe and Northern America,2019,100.0,,0.5,55.85
438,Liechtenstein,Europe and Northern America,2020,100.0,,0.51,55.11
438,Liechtenstein,Europe and Northern America,2021,100.0,,0.46,53.42
438,Liechtenstein,Europe and Northern America,2022,100.0,,0.45,56.93
438,Liechtenstein,Europe and Northern America,2023,100.0,,0.42,57.34
438,Liechtenstein,Europe and Northern America,2024,100.0,,0.42,57.97
440,Lithuania,Europe and Northern America,2015,100.0,97.0,2.84,28.96
440,Lithuania,Europe and Northern America,2016,100.0,98.0,2.83,31.47
440,Lithuania,Europe and Northern America,2017,100.0,98.0,2.83,33.78
440,Lithuania,Europe and Northern America,2018,100.0,98.0,2.73,33.73
440,Lithuania,Europe and Northern America,2019,100.0,98.0,2.6,33.54
440,Lithuania,Europe and Northern America,2020,100.0,98.0,2.57,31.7
440,Lithuania,Europe and Northern America,2021,100.0,99.0,2.5,33.22
440,Lithuania,Europe and Northern America,2022,100.0,99.0,2.18,35.8
440,Lithuania,Europe and Northern America,2023,100.0,99.0,2.18,37.5
440,Lithuania,Europe and Northern America,2024,100.0,99.0,,
442,Luxembourg,Europe and Northern America,2015,100.0,100.0,2.07,9.09
442,Luxembourg,Europe and Northern America,2016,100.0,100.0,1.95,13.5
442,Luxembourg,Europe and Northern America,2017,100.0,100.0,1.96,15.32
442,Luxembourg,Europe and Northern America,2018,100.0,100.0,2.0,16.05
442,Luxembourg,Europe and Northern America,2019,100.0,100.0,1.98,16.45
442,Luxembourg,Europe and Northern America,2020,100.0,100.0,1.72,20.75
442,Luxembourg,Europe and Northern America,2021,100.0,100.0,1.69,20.52
442,Luxembourg,Europe and Northern America,2022,100.0,100.0,1.51,23.4
442,Luxembourg,Europe and Northern America,2023,100.0,100.0,1.45,24.37
442,Luxembourg,Europe and Northern America,2024,100.0,100.0,,
450,Madagascar,Sub-Saharan Africa,2015,23.8,1.0,7.32,83.92
450,Madagascar,Sub-Saharan Africa,2016,22.9,1.0,7.12,83.85
450,Madagascar,Sub-Saharan Africa,2017,24.1,1.0,7.22,81.88
450,Madagascar,Sub-Saharan Africa,2018,36.5,1.0,7.69,84.17
450,Madagascar,Sub-Saharan Africa,2019,31.0,1.0,7.76,82.5
450,Madagascar,Sub-Saharan Africa,2020,32.0,2.0,8.51,84.94
450,Madagascar,Sub-Saharan Africa,2021,35.1,2.0,8.54,83.85
450,Madagascar,Sub-Saharan Africa,2022,36.1,2.0,8.2,83.78
450,Madagascar,Sub-Saharan Africa,2023,39.4,2.0,7.9,84.13
450,Madagascar,Sub-Saharan Africa,2024,42.5,2.0,7.64,83.44
454,Malawi,Sub-Saharan Africa,2015,10.8,2.0,5.39,91.24
454,Malawi,Sub-Saharan Africa,2016,11.0,2.0,5.44,90.23
454,Malawi,Sub-Saharan Africa,2017,12.7,2.0,5.34,89.46
454,Malawi,Sub-Saharan Africa,2018,18.0,2.0,5.39,87.58
454,Malawi,Sub-Saharan Africa,2019,11.2,2.0,5.25,86.3
454,Malawi,Sub-Saharan Africa,2020,11.5,2.0,5.32,86.35
454,Malawi,Sub-Saharan Africa,2021,14.2,2.0,5.13,87.31
454,Malawi,Sub-Saharan Africa,2022,14.0,2.0,4.99,86.73
454,Malawi,Sub-Saharan Africa,2023,15.6,2.0,5.14,85.67
454,Malawi,Sub-Saharan Africa,2024,15.6,2.0,5.32,82.91
458,Malaysia,Eastern and South-Eastern Asia,2015,99.9,99.0,4.09,3.53
458,Malaysia,Eastern and South-Eastern Asia,2016,99.9,99.0,4.07,4.55
458,Malaysia,Eastern and South-Eastern Asia,2017,100.0,99.0,3.71,5.34
458,Malaysia,Eastern and South-Eastern Asia,2018,100.0,99.0,3.91,5.42
458,Malaysia,Eastern and South-Eastern Asia,2019,100.0,99.0,3.85,5.76
458,Malaysia,Eastern and South-Eastern Asia,2020,100.0,99.0,3.9,7.1
458,Malaysia,Eastern and South-Eastern Asia,2021,100.0,99.0,3.91,7.57
458,Malaysia,Eastern and South-Eastern Asia,2022,100.0,100.0,3.96,7.78
458,Malaysia,Eastern and South-Eastern Asia,2023,100.0,100.0,3.83,8.05
458,Malaysia,Eastern and South-Eastern Asia,2024,100.0,100.0,,
462,Maldives,Central and Southern Asia,2015,99.8,98.0,2.3,1.47
462,Maldives,Central and Southern Asia,2016,100.0,99.0,2.42,1.25
462,Maldives,Central and Southern Asia,2017,99.8,99.0,2.37,1.3
462,Maldives,Central and Southern Asia,2018,100.0,99.0,2.5,1.31
462,Maldives,Central and Southern Asia,2019,100.0,100.0,2.67,1.2
462,Maldives,Central and Southern Asia,2020,100.0,100.0,3.36,1.55
462,Maldives,Central and Southern Asia,2021,100.0,100.0,2.9,1.44
462,Maldives,Central and Southern Asia,2022,100.0,100.0,2.81,1.29
462,Maldives,Central and Southern Asia,2023,100.0,100.0,2.83,1.4
462,Maldives,Central and Southern Asia,2024,100.0,100.0,3.07,1.38
466,Mali,Sub-Saharan Africa,2015,37.6,1.0,4.56,77.62
466,Mali,Sub-Saharan Africa,2016,38.8,1.0,4.57,73.15
466,Mali,Sub-Saharan Africa,2017,34.8,1.0,4.48,71.08
466,Mali,Sub-Saharan Africa,2018,50.9,1.0,4.39,70.41
466,Mali,Sub-Saharan Africa,2019,47.9,1.0,4.32,66.74
466,Mali,Sub-Saharan Africa,2020,50.6,1.0,4.54,63.25
466,Mali,Sub-Saharan Africa,2021,53.4,1.0,4.65,59.24
466,Mali,Sub-Saharan Africa,2022,53.0,1.0,4.52,63.44
466,Mali,Sub-Saharan Africa,2023,54.5,1.0,4.41,63.42
466,Mali,Sub-Saharan Africa,2024,49.5,2.0,4.26,63.2
470,Malta,Europe and Northern America,2015,100.0,99.0,1.28,5.98
470,Malta,Europe and Northern America,2016,100.0,100.0,1.14,9.24
470,Malta,Europe and Northern America,2017,100.0,100.0,1.15,7.27
470,Malta,Europe and Northern America,2018,100.0,100.0,1.08,7.56
470,Malta,Europe and Northern America,2019,100.0,100.0,1.1,7.43
470,Malta,Europe and Northern America,2020,100.0,100.0,1.08,9.21
470,Malta,Europe and Northern America,2021,100.0,100.0,0.98,8.3
470,Malta,Europe and Northern America,2022,100.0,100.0,1.05,8.42
470,Malta,Europe and Northern America,2023,100.0,100.0,0.94,8.76
470,Malta,Europe and Northern America,2024,100.0,100.0,,
584,Marshall Islands,Oceania,2015,92.1,69.0,11.22,11.77
584,Marshall Islands,Oceania,2016,92.7,71.0,10.97,12.05
584,Marshall Islands,Oceania,2017,93.8,72.0,10.81,12.0
584,Marshall Islands,Oceania,2018,95.3,73.0,10.36,12.08
584,Marshall Islands,Oceania,2019,96.8,75.0,9.41,12.13
584,Marshall Islands,Oceania,2020,98.3,76.0,9.54,12.02
584,Marshall Islands,Oceania,2021,99.8,77.0,9.4,12.11
584,Marshall Islands,Oceania,2022,100.0,78.0,9.64,12.17
584,Marshall Islands,Oceania,2023,100.0,79.0,10.12,12.1
584,Marshall Islands,Oceania,2024,97.2,80.0,9.87,12.11
478,Mauritania,Sub-Saharan Africa,2015,39.5,46.0,2.58,28.26
478,Mauritania,Sub-Saharan Africa,2016,41.2,47.0,2.34,31.72
478,Mauritania,Sub-Saharan Africa,2017,42.9,48.0,2.76,25.47
478,Mauritania,Sub-Saharan Africa,2018,43.6,49.0,3.26,21.29
478,Mauritania,Sub-Saharan Africa,2019,44.9,50.0,3.26,20.93
478,Mauritania,Sub-Saharan Africa,2020,45.4,51.0,3.33,20.7
478,Mauritania,Sub-Saharan Africa,2021,47.7,52.0,3.21,21.48
478,Mauritania,Sub-Saharan Africa,2022,49.0,53.0,3.4,19.12
478,Mauritania,Sub-Saharan Africa,2023,50.3,55.0,3.0,20.87
478,Mauritania,Sub-Saharan Africa,2024,52.2,56.0,2.89,21.41
480,Mauritius,Sub-Saharan Africa,2015,99.6,99.0,2.13,11.49
480,Mauritius,Sub-Saharan Africa,2016,99.7,99.0,2.05,10.33
480,Mauritius,Sub-Saharan Africa,2017,99.6,99.0,2.01,9.42
480,Mauritius,Sub-Saharan Africa,2018,99.8,99.0,1.91,9.19
480,Mauritius,Sub-Saharan Africa,2019,100.0,99.0,1.89,8.94
480,Mauritius,Sub-Saharan Africa,2020,99.5,99.0,1.95,9.43
480,Mauritius,Sub-Saharan Africa,2021,99.6,99.0,1.97,8.61
480,Mauritius,Sub-Saharan Africa,2022,100.0,99.0,1.85,7.24
480,Mauritius,Sub-Saharan Africa,2023,100.0,99.0,1.87,6.8
480,Mauritius,Sub-Saharan Africa,2024,100.0,99.0,,
484,Mexico,Latin America and the Caribbean,2015,99.0,84.0,2.97,9.08
484,Mexico,Latin America and the Caribbean,2016,99.5,84.0,2.92,9.06
484,Mexico,Latin America and the Caribbean,2017,100.0,85.0,2.81,9.86
484,Mexico,Latin America and the Caribbean,2018,99.5,85.0,2.81,10.25
484,Mexico,Latin America and the Caribbean,2019,99.6,85.0,2.8,10.34
484,Mexico,Latin America and the Caribbean,2020,99.4,86.0,2.87,12.14
484,Mexico,Latin America and the Caribbean,2021,100.0,86.0,2.82,13.45
484,Mexico,Latin America and the Caribbean,2022,100.0,87.0,2.79,11.8
484,Mexico,Latin America and the Caribbean,2023,99.7,87.0,2.77,11.06
484,Mexico,Latin America and the Caribbean,2024,99.8,88.0,,
583,Micronesia (Federated States of),Oceania,2015,73.0,19.0,5.93,1.71
583,Micronesia (Federated States of),Oceania,2016,74.8,20.0,5.99,2.31
583,Micronesia (Federated States of),Oceania,2017,76.5,22.0,5.84,2.15
583,Micronesia (Federated States of),Oceania,2018,78.3,24.0,5.87,2.48
583,Micronesia (Federated States of),Oceania,2019,80.1,26.0,5.71,2.69
583,Micronesia (Federated States of),Oceania,2020,81.9,28.0,5.79,3.16
583,Micronesia (Federated States of),Oceania,2021,83.6,30.0,5.56,3.25
583,Micronesia (Federated States of),Oceania,2022,85.3,32.0,5.82,3.21
583,Micronesia (Federated States of),Oceania,2023,86.9,34.0,5.84,3.25
583,Micronesia (Federated States of),Oceania,2024,88.9,35.0,5.82,3.24
492,Monaco,Europe and Northern America,2015,100.0,100.0,,
492,Monaco,Europe and Northern America,2016,100.0,100.0,,
492,Monaco,Europe and Northern America,2017,100.0,100.0,,
492,Monaco,Europe and Northern America,2018,100.0,100.0,,
492,Monaco,Europe and Northern America,2019,100.0,100.0,,
492,Monaco,Europe and Northern America,2020,100.0,100.0,,
492,Monaco,Europe and Northern America,2021,100.0,100.0,,
492,Monaco,Europe and Northern America,2022,100.0,100.0,,
492,Monaco,Europe and Northern America,2023,100.0,100.0,,
492,Monaco,Europe and Northern America,2024,100.0,100.0,,
496,Mongolia,Eastern and South-Eastern Asia,2015,88.0,46.0,4.6,4.13
496,Mongolia,Eastern and South-Eastern Asia,2016,90.8,47.0,4.84,3.99
496,Mongolia,Eastern and South-Eastern Asia,2017,93.6,48.0,4.72,3.72
496,Mongolia,Eastern and South-Eastern Asia,2018,98.1,49.0,4.91,3.81
496,Mongolia,Eastern and South-Eastern Asia,2019,98.9,50.0,5.4,3.81
496,Mongolia,Eastern and South-Eastern Asia,2020,99.5,52.0,5.07,4.74
496,Mongolia,Eastern and South-Eastern Asia,2021,100.0,54.0,5.5,4.79
496,Mongolia,Eastern and South-Eastern Asia,2022,100.0,55.0,5.23,4.5
496,Mongolia,Eastern and South-Eastern Asia,2023,100.0,57.0,5.62,4.04
496,Mongolia,Eastern and South-Eastern Asia,2024,99.1,59.0,,
499,Montenegro,Europe and Northern America,2015,99.5,61.0,3.11,42.96
499,Montenegro,Europe and Northern America,2016,99.6,62.0,2.92,43.89
499,Montenegro,Europe and Northern America,2017,100.0,63.0,2.97,37.77
499,Montenegro,Europe and Northern America,2018,100.0,64.0,2.93,40.6
499,Montenegro,Europe and Northern America,2019,100.0,66.0,2.91,38.74
499,Montenegro,Europe and Northern America,2020,99.9,67.0,3.2,39.56
499,Montenegro,Europe and Northern America,2021,99.8,69.0,3.0,39.64
499,Montenegro,Europe and Northern America,2022,100.0,70.0,2.69,35.81
499,Montenegro,Europe and Northern America,2023,100.0,72.0,2.6,38.53
499,Montenegro,Europe and Northern America,2024,100.0,73.0,,
500,Montserrat,Latin America and the Caribbean,2015,,,,0.0
500,Montserrat,Latin America and the Caribbean,2016,,,,0.0
500,Montserrat,Latin America and the Caribbean,2017,,,,0.0
500,Montserrat,Latin America and the Caribbean,2018,,,,0.0
500,Montserrat,Latin America and the Caribbean,2019,,,,0.44
500,Montserrat,Latin America and the Caribbean,2020,,,,0.72
500,Montserrat,Latin America and the Caribbean,2021,,,,0.53
500,Montserrat,Latin America and the Caribbean,2022,,,,0.25
500,Montserrat,Latin America and the Caribbean,2023,,,,1.96
500,Montserrat,Latin America and the Caribbean,2024,,,,1.2
504,Morocco,Northern Africa and Western Asia,2015,97.3,96.0,2.84,11.24
504,Morocco,Northern Africa and Western Asia,2016,97.8,96.0,2.83,11.07
504,Morocco,Northern Africa and Western Asia,2017,100.0,96.0,2.82,10.45
504,Morocco,Northern Africa and Western Asia,2018,98.1,96.0,2.77,10.86
504,Morocco,Northern Africa and Western Asia,2019,99.6,97.0,2.89,10.57
504,Morocco,Northern Africa and Western Asia,2020,100.0,97.0,2.95,11.03
504,Morocco,Northern Africa and Western Asia,2021,100.0,97.0,2.95,10.88
504,Morocco,Northern Africa and Western Asia,2022,100.0,97.0,2.86,11.03
504,Morocco,Northern Africa and Western Asia,2023,100.0,97.0,2.78,11.66
504,Morocco,Northern Africa and Western Asia,2024,100.0,97.0,,
508,Mozambique,Sub-Saharan Africa,2015,24.0,4.0,10.66,80.06
508,Mozambique,Sub-Saharan Africa,2016,26.2,5.0,10.37,77.38
508,Mozambique,Sub-Saharan Africa,2017,24.3,5.0,10.16,78.15
508,Mozambique,Sub-Saharan Africa,2018,31.1,5.0,9.96,78.96
508,Mozambique,Sub-Saharan Africa,2019,29.7,6.0,9.85,77.47
508,Mozambique,Sub-Saharan Africa,2020,30.6,6.0,9.79,80.15
508,Mozambique,Sub-Saharan Africa,2021,31.5,6.0,10.15,76.88
508,Mozambique,Sub-Saharan Africa,2022,33.2,7.0,10.17,75.76
508,Mozambique,Sub-Saharan Africa,2023,36.0,7.0,10.04,76.13
508,Mozambique,Sub-Saharan Africa,2024,36.9,8.0,,
104,Myanmar,Eastern and South-Eastern Asia,2015,60.5,22.0,3.5,71.34
104,Myanmar,Eastern and South-Eastern Asia,2016,55.6,25.0,3.55,69.65
104,Myanmar,Eastern and South-Eastern Asia,2017,69.8,29.0,3.78,60.73
104,Myanmar,Eastern and South-Eastern Asia,2018,66.1,32.0,3.54,60.06
104,Myanmar,Eastern and South-Eastern Asia,2019,68.3,35.0,3.18,57.43
104,Myanmar,Eastern and South-Eastern Asia,2020,70.4,38.0,3.58,58.24
104,Myanmar,Eastern and South-Eastern Asia,2021,72.5,40.0,3.78,61.07
104,Myanmar,Eastern and South-Eastern Asia,2022,73.7,42.0,3.72,62.45
104,Myanmar,Eastern and South-Eastern Asia,2023,76.8,44.0,3.82,60.02
104,Myanmar,Eastern and South-Eastern Asia,2024,80.4,46.0,,
516,Namibia,Sub-Saharan Africa,2015,51.6,44.0,2.46,27.63
516,Namibia,Sub-Saharan Africa,2016,49.7,45.0,2.68,26.69
516,Namibia,Sub-Saharan Africa,2017,52.5,45.0,2.62,28.03
516,Namibia,Sub-Saharan Africa,2018,52.3,44.0,2.74,29.14
516,Namibia,Sub-Saharan Africa,2019,53.3,44.0,2.78,28.71
516,Namibia,Sub-Saharan Africa,2020,52.3,44.0,2.94,29.92
516,Namibia,Sub-Saharan Africa,2021,55.2,44.0,2.93,28.51
516,Namibia,Sub-Saharan Africa,2022,56.2,44.0,2.9,30.34
516,Namibia,Sub-Saharan Africa,2023,56.7,45.0,2.88,30.45
516,Namibia,Sub-Saharan Africa,2024,59.3,46.0,,
520,Naoero,Oceania,2015,99.0,97.0,7.37,0.1
520,Naoero,Oceania,2016,99.7,97.0,6.83,0.18
520,Naoero,Oceania,2017,99.8,98.0,7.74,0.6
520,Naoero,Oceania,2018,99.9,98.0,7.55,0.66
520,Naoero,Oceania,2019,100.0,98.0,6.83,0.59
520,Naoero,Oceania,2020,100.0,98.0,6.81,1.34
520,Naoero,Oceania,2021,100.0,99.0,6.75,2.33
520,Naoero,Oceania,2022,100.0,99.0,6.85,2.58
520,Naoero,Oceania,2023,100.0,99.0,6.85,2.57
520,Naoero,Oceania,2024,100.0,99.0,6.8,2.67
524,Nepal,Central and Southern Asia,2015,82.0,34.0,4.76,85.23
524,Nepal,Central and Southern Asia,2016,90.7,35.0,5.12,79.45
524,Nepal,Central and Southern Asia,2017,86.6,37.0,4.98,76.76
524,Nepal,Central and Southern Asia,2018,93.9,38.0,4.83,74.97
524,Nepal,Central and Southern Asia,2019,89.9,39.0,4.39,78.25
524,Nepal,Central and Southern Asia,2020,89.9,40.0,4.98,73.09
524,Nepal,Central and Southern Asia,2021,89.9,41.0,4.92,71.84
524,Nepal,Central and Southern Asia,2022,91.3,43.0,3.77,74.68
524,Nepal,Central and Southern Asia,2023,94.0,44.0,3.81,74.02
524,Nepal,Central and Southern Asia,2024,97.9,45.0,,
528,Netherlands (Kingdom of the),Europe and Northern America,2015,100.0,100.0,2.82,5.78
528,Netherlands (Kingdom of the),Europe and Northern America,2016,100.0,100.0,2.8,5.63
528,Netherlands (Kingdom of the),Europe and Northern America,2017,100.0,100.0,2.75,6.4
528,Netherlands (Kingdom of the),Europe and Northern America,2018,100.0,100.0,2.64,7.44
528,Netherlands (Kingdom of the),Europe and Northern America,2019,100.0,100.0,2.52,8.59
528,Netherlands (Kingdom of the),Europe and Northern America,2020,100.0,100.0,2.54,10.69
528,Netherlands (Kingdom of the),Europe and Northern America,2021,100.0,100.0,2.45,12.23
528,Netherlands (Kingdom of the),Europe and Northern America,2022,100.0,100.0,2.07,14.35
528,Netherlands (Kingdom of the),Europe and Northern America,2023,100.0,100.0,2.02,15.91
528,Netherlands (Kingdom of the),Europe and Northern America,2024,100.0,100.0,,
540,New Caledonia,Oceania,2015,100.0,,11.7,5.09
540,New Caledonia,Oceania,2016,100.0,,12.72,3.7
540,New Caledonia,Oceania,2017,100.0,,12.54,5.1
540,New Caledonia,Oceania,2018,100.0,,12.71,4.63
540,New Caledonia,Oceania,2019,100.0,,12.43,5.24
540,New Caledonia,Oceania,2020,100.0,,11.56,6.06
540,New Caledonia,Oceania,2021,100.0,,10.69,8.33
540,New Caledonia,Oceania,2022,100.0,,11.6,9.6
540,New Caledonia,Oceania,2023,100.0,,11.42,9.04
540,New Caledonia,Oceania,2024,100.0,,6.24,12.64
554,New Zealand,Oceania,2015,100.0,99.0,4.2,29.08
554,New Zealand,Oceania,2016,100.0,99.0,3.99,30.05
554,New Zealand,Oceania,2017,100.0,99.0,3.88,28.19
554,New Zealand,Oceania,2018,100.0,99.0,3.74,28.52
554,New Zealand,Oceania,2019,100.0,99.0,3.73,27.75
554,New Zealand,Oceania,2020,100.0,99.0,3.58,28.18
554,New Zealand,Oceania,2021,100.0,99.0,3.43,28.66
554,New Zealand,Oceania,2022,100.0,99.0,3.21,30.78
554,New Zealand,Oceania,2023,100.0,99.0,3.14,30.32
554,New Zealand,Oceania,2024,100.0,99.0,,
558,Nicaragua,Latin America and the Caribbean,2015,83.2,52.0,3.69,50.0
558,Nicaragua,Latin America and the Caribbean,2016,83.9,54.0,3.67,49.53
558,Nicaragua,Latin America and the Caribbean,2017,84.6,55.0,3.58,48.91
558,Nicaragua,Latin America and the Caribbean,2018,85.2,56.0,3.66,51.31
558,Nicaragua,Latin America and the Caribbean,2019,85.7,57.0,3.82,50.46
558,Nicaragua,Latin America and the Caribbean,2020,86.0,58.0,3.75,52.25
558,Nicaragua,Latin America and the Caribbean,2021,86.3,59.0,3.54,50.36
558,Nicaragua,Latin America and the Caribbean,2022,86.5,61.0,3.47,49.82
558,Nicaragua,Latin America and the Caribbean,2023,88.3,62.0,3.53,51.61
558,Nicaragua,Latin America and the Caribbean,2024,88.7,63.0,,
562,Niger,Sub-Saharan Africa,2015,16.6,2.0,4.23,78.88
562,Niger,Sub-Saharan Africa,2016,17.0,2.0,4.11,80.25
562,Niger,Sub-Saharan Africa,2017,17.6,3.0,3.96,82.01
562,Niger,Sub-Saharan Africa,2018,17.6,3.0,3.89,81.97
562,Niger,Sub-Saharan Africa,2019,18.5,3.0,3.84,80.73
562,Niger,Sub-Saharan Africa,2020,18.7,4.0,3.83,81.91
562,Niger,Sub-Saharan Africa,2021,18.6,4.0,3.96,79.6
562,Niger,Sub-Saharan Africa,2022,19.5,5.0,3.93,77.77
562,Niger,Sub-Saharan Africa,2023,20.1,6.0,3.97,73.63
562,Niger,Sub-Saharan Africa,2024,21.3,6.0,,
566,Nigeria,Sub-Saharan Africa,2015,52.5,5.0,1.51,51.89
566,Nigeria,Sub-Saharan Africa,2016,59.3,7.0,1.63,51.6
566,Nigeria,Sub-Saharan Africa,2017,54.4,10.0,1.58,52.59
566,Nigeria,Sub-Saharan Africa,2018,56.5,13.0,1.5,51.49
566,Nigeria,Sub-Saharan Africa,2019,55.4,16.0,1.66,50.46
566,Nigeria,Sub-Saharan Africa,2020,55.4,19.0,1.77,53.32
566,Nigeria,Sub-Saharan Africa,2021,59.5,22.0,1.85,51.31
566,Nigeria,Sub-Saharan Africa,2022,60.5,24.0,1.8,50.77
566,Nigeria,Sub-Saharan Africa,2023,61.2,26.0,1.71,52.67
566,Nigeria,Sub-Saharan Africa,2024,62.5,28.0,,
570,Niue,Oceania,2015,99.1,96.0,,1.11
570,Niue,Oceania,2016,98.7,97.0,,1.05
570,Niue,Oceania,2017,99.3,97.0,,1.07
570,Niue,Oceania,2018,99.3,97.0,,3.02
570,Niue,Oceania,2019,99.4,98.0,,2.96
570,Niue,Oceania,2020,99.5,98.0,,3.04
570,Niue,Oceania,2021,99.5,98.0,,2.95
570,Niue,Oceania,2022,100.0,98.0,,2.76
570,Niue,Oceania,2023,100.0,99.0,,2.72
570,Niue,Oceania,2024,100.0,99.0,,2.72
807,North Macedonia,Europe and Northern America,2015,99.9,74.0,2.99,23.91
807,North Macedonia,Europe and Northern America,2016,100.0,76.0,2.94,21.37
807,North Macedonia,Europe and Northern America,2017,100.0,78.0,2.96,19.0
807,North Macedonia,Europe and Northern America,2018,99.8,79.0,2.73,20.87
807,North Macedonia,Europe and Northern America,2019,100.0,81.0,2.86,17.05
807,North Macedonia,Europe and Northern America,2020,100.0,82.0,2.74,20.02
807,North Macedonia,Europe and Northern America,2021,100.0,83.0,2.72,19.69
807,North Macedonia,Europe and Northern America,2022,100.0,85.0,2.68,19.22
807,North Macedonia,Europe and Northern America,2023,100.0,86.0,2.57,19.45
807,North Macedonia,Europe and Northern America,2024,100.0,87.0,,
580,Northern Mariana Islands,Oceania,2015,100.0,,,0.0
580,Northern Mariana Islands,Oceania,2016,100.0,,,0.0
580,Northern Mariana Islands,Oceania,2017,100.0,,,0.0
580,Northern Mariana Islands,Oceania,2018,100.0,,,0.0
580,Northern Mariana Islands,Oceania,2019,100.0,,,0.0
580,Northern Mariana Islands,Oceania,2020,100.0,,,0.51
580,Northern Mariana Islands,Oceania,2021,100.0,,,0.67
580,Northern Mariana Islands,Oceania,2022,100.0,,,0.69
580,Northern Mariana Islands,Oceania,2023,100.0,,,0.72
580,Northern Mariana Islands,Oceania,2024,100.0,,,0.87
578,Norway,Europe and Northern America,2015,100.0,100.0,2.41,56.54
578,Norway,Europe and Northern America,2016,100.0,100.0,2.61,57.68
578,Norway,Europe and Northern America,2017,100.0,100.0,2.72,58.85
578,Norway,Europe and Northern America,2018,100.0,100.0,2.65,58.91
578,Norway,Europe and Northern America,2019,100.0,100.0,2.49,59.7
578,Norway,Europe and Northern America,2020,100.0,100.0,2.5,60.81
578,Norway,Europe and Northern America,2021,100.0,100.0,2.49,61.67
578,Norway,Europe and Northern America,2022,100.0,100.0,2.13,60.28
578,Norway,Europe and Northern America,2023,100.0,100.0,2.26,61.03
578,Norway,Europe and Northern America,2024,100.0,100.0,,
512,Oman,Northern Africa and Western Asia,2015,100.0,100.0,6.34,0.0
512,Oman,Northern Africa and Western Asia,2016,100.0,100.0,5.84,0.0
512,Oman,Northern Africa and Western Asia,2017,100.0,100.0,6.24,0.01
512,Oman,Northern Africa and Western Asia,2018,100.0,100.0,6.01,0.01
512,Oman,Northern Africa and Western Asia,2019,100.0,100.0,5.6,0.01
512,Oman,Northern Africa and Western Asia,2020,100.0,100.0,6.37,0.12
512,Oman,Northern Africa and Western Asia,2021,100.0,100.0,6.44,0.14
512,Oman,Northern Africa and Western Asia,2022,100.0,100.0,6.23,0.4
512,Oman,Northern Africa and Western Asia,2023,100.0,100.0,6.56,0.41
512,Oman,Northern Africa and Western Asia,2024,100.0,100.0,,
586,Pakistan,Central and Southern Asia,2015,91.0,41.0,3.86,45.21
586,Pakistan,Central and Southern Asia,2016,91.8,42.0,3.84,42.08
586,Pakistan,Central and Southern Asia,2017,92.7,44.0,3.8,39.59
586,Pakistan,Central and Southern Asia,2018,93.4,45.0,3.62,40.06
586,Pakistan,Central and Southern Asia,2019,93.9,46.0,3.4,41.6
586,Pakistan,Central and Southern Asia,2020,94.5,48.0,3.68,37.86
586,Pakistan,Central and Southern Asia,2021,94.9,49.0,3.63,38.42
586,Pakistan,Central and Southern Asia,2022,95.0,50.0,3.13,43.36
586,Pakistan,Central and Southern Asia,2023,95.6,50.0,3.16,44.14
586,Pakistan,Central and Southern Asia,2024,95.7,51.0,,
585,Palau,Oceania,2015,99.5,95.0,9.49,0.37
585,Palau,Oceania,2016,100.0,95.0,9.66,0.57
585,Palau,Oceania,2017,100.0,95.0,10.24,0.56
585,Palau,Oceania,2018,100.0,95.0,10.2,0.59
585,Palau,Oceania,2019,100.0,95.0,10.28,0.56
585,Palau,Oceania,2020,100.0,95.0,10.67,0.58
585,Palau,Oceania,2021,100.0,96.0,12.2,0.59
585,Palau,Oceania,2022,100.0,96.0,12.5,0.58
585,Palau,Oceania,2023,100.0,96.0,12.59,0.6
585,Palau,Oceania,2024,100.0,96.0,11.95,0.58
591,Panama,Latin America and the Caribbean,2015,91.6,91.0,1.43,21.95
591,Panama,Latin America and the Caribbean,2016,92.4,91.0,1.42,22.14
591,Panama,Latin America and the Caribbean,2017,93.7,92.0,1.35,23.65
591,Panama,Latin America and the Caribbean,2018,93.8,92.0,1.31,24.49
591,Panama,Latin America and the Caribbean,2019,93.9,92.0,1.47,18.88
591,Panama,Latin America and the Caribbean,2020,95.3,93.0,1.46,28.13
591,Panama,Latin America and the Caribbean,2021,95.3,93.0,1.4,26.39
591,Panama,Latin America and the Caribbean,2022,95.0,93.0,1.31,25.4
591,Panama,Latin America and the Caribbean,2023,97.0,94.0,1.19,21.03
591,Panama,Latin America and the Caribbean,2024,96.0,94.0,,
598,Papua New Guinea,Oceania,2015,18.4,9.0,5.27,53.28
598,Papua New Guinea,Oceania,2016,13.5,10.0,5.15,52.72
598,Papua New Guinea,Oceania,2017,19.2,10.0,4.8,52.52
598,Papua New Guinea,Oceania,2018,16.6,10.0,5.15,51.19
598,Papua New Guinea,Oceania,2019,23.6,10.0,4.95,50.99
598,Papua New Guinea,Oceania,2020,20.5,10.0,5.42,51.53
598,Papua New Guinea,Oceania,2021,20.9,11.0,5.24,51.56
598,Papua New Guinea,Oceania,2022,19.0,11.0,5.21,49.69
598,Papua New Guinea,Oceania,2023,20.5,11.0,5.1,49.91
598,Papua New Guinea,Oceania,2024,43.3,12.0,4.95,49.77
600,Paraguay,Latin America and the Caribbean,2015,99.3,65.0,2.68,60.57
600,Paraguay,Latin America and the Caribbean,2016,98.4,67.0,3.03,62.54
600,Paraguay,Latin America and the Caribbean,2017,99.3,68.0,3.05,60.14
600,Paraguay,Latin America and the Caribbean,2018,99.6,69.0,3.04,59.3
600,Paraguay,Latin America and the Caribbean,2019,99.7,70.0,3.02,60.17
600,Paraguay,Latin America and the Caribbean,2020,99.7,71.0,2.95,61.93
600,Paraguay,Latin America and the Caribbean,2021,100.0,73.0,2.97,58.94
600,Paraguay,Latin America and the Caribbean,2022,100.0,74.0,2.87,61.2
600,Paraguay,Latin America and the Caribbean,2023,99.8,75.0,2.76,62.68
600,Paraguay,Latin America and the Caribbean,2024,99.8,76.0,,
604,Peru,Latin America and the Caribbean,2015,93.9,77.0,2.11,27.48
604,Peru,Latin America and the Caribbean,2016,94.2,79.0,2.11,27.0
604,Peru,Latin America and the Caribbean,2017,94.8,81.0,2.09,27.35
604,Peru,Latin America and the Caribbean,2018,95.2,83.0,2.1,27.91
604,Peru,Latin America and the Caribbean,2019,95.6,85.0,2.13,27.17
604,Peru,Latin America and the Caribbean,2020,96.2,87.0,2.06,31.72
604,Peru,Latin America and the Caribbean,2021,95.6,89.0,2.09,28.31
604,Peru,Latin America and the Caribbean,2022,96.2,90.0,2.19,26.1
604,Peru,Latin America and the Caribbean,2023,96.2,92.0,2.21,25.83
604,Peru,Latin America and the Caribbean,2024,96.5,93.0,,
608,Philippines,Eastern and South-Eastern Asia,2015,89.1,47.0,2.72,30.82
608,Philippines,Eastern and South-Eastern Asia,2016,92.0,49.0,2.68,28.59
608,Philippines,Eastern and South-Eastern Asia,2017,93.0,52.0,2.66,27.75
608,Philippines,Eastern and South-Eastern Asia,2018,94.2,54.0,2.57,27.6
608,Philippines,Eastern and South-Eastern Asia,2019,95.3,55.0,2.44,26.86
608,Philippines,Eastern and South-Eastern Asia,2020,96.4,57.0,2.57,29.0
608,Philippines,Eastern and South-Eastern Asia,2021,97.5,59.0,2.51,27.95
608,Philippines,Eastern and South-Eastern Asia,2022,94.8,61.0,2.44,27.53
608,Philippines,Eastern and South-Eastern Asia,2023,98.0,62.0,2.45,27.32
608,Philippines,Eastern and South-Eastern Asia,2024,94.8,64.0,,
616,Poland,Europe and Northern America,2015,100.0,96.0,3.24,11.87
616,Poland,Europe and Northern America,2016,100.0,97.0,3.29,11.34
616,Poland,Europe and Northern America,2017,100.0,97.0,3.28,11.13
616,Poland,Europe and Northern America,2018,100.0,97.0,3.23,15.05
616,Poland,Europe and Northern America,2019,100.0,98.0,2.98,15.63
616,Poland,Europe and Northern America,2020,100.0,98.0,2.95,16.15
616,Poland,Europe and Northern America,2021,100.0,98.0,2.93,15.18
616,Poland,Europe and Northern America,2022,100.0,98.0,2.65,16.1
616,Poland,Europe and Northern America,2023,100.0,98.0,2.49,17.14
616,Poland,Europe and Northern America,2024,100.0,98.0,,
620,Portugal,Europe and Northern America,2015,100.0,97.0,2.47,27.2
620,Portugal,Europe and Northern America,2016,100.0,98.0,2.4,29.0
620,Portugal,Europe and Northern America,2017,100.0,98.0,2.43,24.42
620,Portugal,Europe and Northern America,2018,100.0,98.0,2.28,27.47
620,Portugal,Europe and Northern America,2019,100.0,98.0,2.19,28.19
620,Portugal,Europe and Northern America,2020,100.0,98.0,2.21,31.33
620,Portugal,Europe and Northern America,2021,100.0,99.0,2.09,32.45
620,Portugal,Europe and Northern America,2022,100.0,99.0,1.98,31.51
620,Portugal,Europe and Northern America,2023,100.0,99.0,1.86,35.42
620,Portugal,Europe and Northern America,2024,100.0,99.0,,
630,Puerto Rico,Latin America and the Caribbean,2015,100.0,,0.38,1.86
630,Puerto Rico,Latin America and the Caribbean,2016,100.0,,0.42,1.89
630,Puerto Rico,Latin America and the Caribbean,2017,100.0,,0.32,0.0
630,Puerto Rico,Latin America and the Caribbean,2018,100.0,,0.44,0.0
630,Puerto Rico,Latin America and the Caribbean,2019,100.0,,0.49,0.0
630,Puerto Rico,Latin America and the Caribbean,2020,100.0,,0.37,0.0
630,Puerto Rico,Latin America and the Caribbean,2021,100.0,,0.53,0.0
630,Puerto Rico,Latin America and the Caribbean,2022,100.0,,0.37,0.0
630,Puerto Rico,Latin America and the Caribbean,2023,100.0,,0.59,0.0
630,Puerto Rico,Latin America and the Caribbean,2024,100.0,,0.57,0.0
634,Qatar,Northern Africa and Western Asia,2015,100.0,100.0,5.59,0.04
634,Qatar,Northern Africa and Western Asia,2016,100.0,100.0,5.29,0.05
634,Qatar,Northern Africa and Western Asia,2017,100.0,100.0,6.08,0.05
634,Qatar,Northern Africa and Western Asia,2018,100.0,100.0,5.88,0.04
634,Qatar,Northern Africa and Western Asia,2019,100.0,100.0,5.83,0.04
634,Qatar,Northern Africa and Western Asia,2020,100.0,100.0,6.04,0.04
634,Qatar,Northern Africa and Western Asia,2021,100.0,100.0,6.13,0.03
634,Qatar,Northern Africa and Western Asia,2022,100.0,100.0,6.16,0.25
634,Qatar,Northern Africa and Western Asia,2023,100.0,100.0,5.87,0.72
634,Qatar,Northern Africa and Western Asia,2024,100.0,100.0,,
410,Republic of Korea,Eastern and South-Eastern Asia,2015,100.0,100.0,4.88,2.76
410,Republic of Korea,Eastern and South-Eastern Asia,2016,100.0,100.0,4.88,2.58
410,Republic of Korea,Eastern and South-Eastern Asia,2017,100.0,100.0,4.8,2.82
410,Republic of Korea,Eastern and South-Eastern Asia,2018,100.0,100.0,4.73,3.15
410,Republic of Korea,Eastern and South-Eastern Asia,2019,100.0,100.0,4.47,3.19
410,Republic of Korea,Eastern and South-Eastern Asia,2020,100.0,100.0,4.39,3.53
410,Republic of Korea,Eastern and South-Eastern Asia,2021,100.0,100.0,4.45,3.52
410,Republic of Korea,Eastern and South-Eastern Asia,2022,100.0,100.0,4.24,4.09
410,Republic of Korea,Eastern and South-Eastern Asia,2023,100.0,100.0,4.12,4.37
410,Republic of Korea,Eastern and South-Eastern Asia,2024,100.0,100.0,,
498,Republic of Moldova,Europe and Northern America,2015,99.9,94.0,4.68,24.66
498,Republic of Moldova,Europe and Northern America,2016,99.9,95.0,4.59,25.23
498,Republic of Moldova,Europe and Northern America,2017,100.0,96.0,4.46,26.0
498,Republic of Moldova,Europe and Northern America,2018,100.0,97.0,4.51,25.25
498,Republic of Moldova,Europe and Northern America,2019,100.0,97.0,4.29,21.94
498,Republic of Moldova,Europe and Northern America,2020,100.0,97.0,4.51,22.18
498,Republic of Moldova,Europe and Northern America,2021,100.0,98.0,4.3,21.34
498,Republic of Moldova,Europe and Northern America,2022,100.0,98.0,3.88,21.26
498,Republic of Moldova,Europe and Northern America,2023,100.0,98.0,3.4,23.64
498,Republic of Moldova,Europe and Northern America,2024,100.0,98.0,,
642,Romania,Europe and Northern America,2015,98.8,89.0,2.27,23.67
642,Romania,Europe and Northern America,2016,99.1,90.0,2.21,24.4
642,Romania,Europe and Northern America,2017,100.0,91.0,2.14,23.35
642,Romania,Europe and Northern America,2018,99.8,93.0,2.03,23.03
642,Romania,Europe and Northern America,2019,100.0,93.0,1.93,23.54
642,Romania,Europe and Northern America,2020,100.0,94.0,1.95,24.06
642,Romania,Europe and Northern America,2021,100.0,95.0,1.97,23.59
642,Romania,Europe and Northern America,2022,100.0,95.0,1.74,23.49
642,Romania,Europe and Northern America,2023,100.0,96.0,1.65,23.96
642,Romania,Europe and Northern America,2024,100.0,96.0,,
643,Russian Federation,Europe and Northern America,2015,95.5,100.0,5.65,3.2
643,Russian Federation,Europe and Northern America,2016,99.4,100.0,5.81,3.36
643,Russian Federation,Europe and Northern America,2017,100.0,100.0,5.81,3.25
643,Russian Federation,Europe and Northern America,2018,100.0,100.0,5.95,3.19
643,Russian Federation,Europe and Northern America,2019,99.8,100.0,5.61,3.25
643,Russian Federation,Europe and Northern America,2020,99.9,100.0,5.74,3.74
643,Russian Federation,Europe and Northern America,2021,100.0,100.0,6.08,3.57
643,Russian Federation,Europe and Northern America,2022,100.0,100.0,6.15,3.4
643,Russian Federation,Europe and Northern America,2023,100.0,100.0,5.67,3.41
643,Russian Federation,Europe and Northern America,2024,100.0,100.0,,
646,Rwanda,Sub-Saharan Africa,2015,22.8,1.0,3.78,86.33
646,Rwanda,Sub-Saharan Africa,2016,29.4,1.0,3.59,85.55
646,Rwanda,Sub-Saharan Africa,2017,34.1,2.0,3.54,84.46
646,Rwanda,Sub-Saharan Africa,2018,38.0,2.0,3.31,83.37
646,Rwanda,Sub-Saharan Africa,2019,46.6,3.0,3.19,78.71
646,Rwanda,Sub-Saharan Africa,2020,45.2,4.0,3.31,78.61
646,Rwanda,Sub-Saharan Africa,2021,48.7,5.0,2.98,79.2
646,Rwanda,Sub-Saharan Africa,2022,50.6,6.0,2.94,79.92
646,Rwanda,Sub-Saharan Africa,2023,63.9,8.0,2.77,78.98
646,Rwanda,Sub-Saharan Africa,2024,72.0,9.0,2.67,75.34
652,Saint Barthélemy,Latin America and the Caribbean,2015,,,,0.04
652,Saint Barthélemy,Latin America and the Caribbean,2016,,,,0.06
652,Saint Barthélemy,Latin America and the Caribbean,2017,,,,0.06
652,Saint Barthélemy,Latin America and the Caribbean,2018,,,,0.06
652,Saint Barthélemy,Latin America and the Caribbean,2019,,,,0.05
652,Saint Barthélemy,Latin America and the Caribbean,2020,,,,0.05
652,Saint Barthélemy,Latin America and the Caribbean,2021,,,,0.06
652,Saint Barthélemy,Latin America and the Caribbean,2022,,,,0.48
652,Saint Barthélemy,Latin America and the Caribbean,2023,,,,0.69
652,Saint Barthélemy,Latin America and the Caribbean,2024,,,,1.0
654,Saint Helena,Sub-Saharan Africa,2015,,,,14.56
654,Saint Helena,Sub-Saharan Africa,2016,,,,9.63
654,Saint Helena,Sub-Saharan Africa,2017,,,,15.93
654,Saint Helena,Sub-Saharan Africa,2018,,,,10.76
654,Saint Helena,Sub-Saharan Africa,2019,,,,9.47
654,Saint Helena,Sub-Saharan Africa,2020,,,,11.63
654,Saint Helena,Sub-Saharan Africa,2021,,,,13.31
654,Saint Helena,Sub-Saharan Africa,2022,,,,10.24
654,Saint Helena,Sub-Saharan Africa,2023,,,,9.33
654,Saint Helena,Sub-Saharan Africa,2024,,,,7.68
659,Saint Kitts and Nevis,Latin America and the Caribbean,2015,100.0,93.0,2.44,1.54
659,Saint Kitts and Nevis,Latin America and the Caribbean,2016,100.0,94.0,2.45,1.62
659,Saint Kitts and Nevis,Latin America and the Caribbean,2017,100.0,94.0,2.46,1.28
659,Saint Kitts and Nevis,Latin America and the Caribbean,2018,100.0,94.0,2.49,1.27
659,Saint Kitts and Nevis,Latin America and the Caribbean,2019,100.0,95.0,2.51,1.26
659,Saint Kitts and Nevis,Latin America and the Caribbean,2020,100.0,95.0,2.77,1.57
659,Saint Kitts and Nevis,Latin America and the Caribbean,2021,100.0,95.0,2.7,1.6
659,Saint Kitts and Nevis,Latin America and the Caribbean,2022,100.0,95.0,2.58,1.49
659,Saint Kitts and Nevis,Latin America and the Caribbean,2023,100.0,95.0,2.52,1.47
659,Saint Kitts and Nevis,Latin America and the Caribbean,2024,100.0,96.0,2.5,1.45
662,Saint Lucia,Latin America and the Caribbean,2015,99.0,95.0,2.07,11.52
662,Saint Lucia,Latin America and the Caribbean,2016,99.8,96.0,1.96,11.17
662,Saint Lucia,Latin America and the Caribbean,2017,99.9,96.0,1.97,10.22
662,Saint Lucia,Latin America and the Caribbean,2018,100.0,96.0,1.96,10.22
662,Saint Lucia,Latin America and the Caribbean,2019,100.0,97.0,1.94,10.05
662,Saint Lucia,Latin America and the Caribbean,2020,100.0,97.0,2.43,10.14
662,Saint Lucia,Latin America and the Caribbean,2021,100.0,97.0,2.31,9.43
662,Saint Lucia,Latin America and the Caribbean,2022,100.0,98.0,1.94,9.36
662,Saint Lucia,Latin America and the Caribbean,2023,100.0,98.0,1.93,9.0
662,Saint Lucia,Latin America and the Caribbean,2024,100.0,98.0,1.91,8.73
663,Saint Martin (French Part),Latin America and the Caribbean,2015,100.0,,,0.3
663,Saint Martin (French Part),Latin America and the Caribbean,2016,100.0,,,0.22
663,Saint Martin (French Part),Latin America and the Caribbean,2017,100.0,,,0.03
663,Saint Martin (French Part),Latin America and the Caribbean,2018,100.0,,,0.01
663,Saint Martin (French Part),Latin America and the Caribbean,2019,100.0,,,0.04
663,Saint Martin (French Part),Latin America and the Caribbean,2020,100.0,,,0.1
663,Saint Martin (French Part),Latin America and the Caribbean,2021,100.0,,,0.12
663,Saint Martin (French Part),Latin America and the Caribbean,2022,100.0,,,0.14
663,Saint Martin (French Part),Latin America and the Caribbean,2023,100.0,,,0.15
663,Saint Martin (French Part),Latin America and the Caribbean,2024,100.0,,,0.17
666,Saint Pierre and Miquelon,Europe and Northern America,2015,,,,0.95
666,Saint Pierre and Miquelon,Europe and Northern America,2016,,,,0.94
666,Saint Pierre and Miquelon,Europe and Northern America,2017,,,,0.92
666,Saint Pierre and Miquelon,Europe and Northern America,2018,,,,1.06
666,Saint Pierre and Miquelon,Europe and Northern America,2019,,,,0.94
666,Saint Pierre and Miquelon,Europe and Northern America,2020,,,,1.07
666,Saint Pierre and Miquelon,Europe and Northern America,2021,,,,1.22
666,Saint Pierre and Miquelon,Europe and Northern America,2022,,,,1.18
666,Saint Pierre and Miquelon,Europe and Northern America,2023,,,,0.94
666,Saint Pierre and Miquelon,Europe and Northern America,2024,,,,0.98
670,Saint Vincent and the Grenadines,Latin America and the Caribbean,2015,99.4,96.0,2.28,4.3
670,Saint Vincent and the Grenadines,Latin America and the Caribbean,2016,99.7,96.0,2.25,4.1
670,Saint Vincent and the Grenadines,Latin America and the Caribbean,2017,100.0,96.0,1.97,5.28
670,Saint Vincent and the Grenadines,Latin America and the Caribbean,2018,100.0,96.0,2.16,4.93
670,Saint Vincent and the Grenadines,Latin America and the Caribbean,2019,100.0,97.0,1.97,5.38
670,Saint Vincent and the Grenadines,Latin America and the Caribbean,2020,100.0,97.0,2.21,5.23
670,Saint Vincent and the Grenadines,Latin America and the Caribbean,2021,100.0,97.0,2.13,5.03
670,Saint Vincent and the Grenadines,Latin America and the Caribbean,2022,100.0,97.0,2.12,4.76
670,Saint Vincent and the Grenadines,Latin America and the Caribbean,2023,100.0,97.0,2.02,4.82
670,Saint Vincent and the Grenadines,Latin America and the Caribbean,2024,100.0,98.0,1.99,4.94
882,Samoa,Oceania,2015,98.2,35.0,4.38,37.06
882,Samoa,Oceania,2016,98.9,38.0,4.2,36.78
882,Samoa,Oceania,2017,96.8,40.0,3.98,35.23
882,Samoa,Oceania,2018,99.8,43.0,4.08,35.58
882,Samoa,Oceania,2019,99.2,47.0,4.21,33.75
882,Samoa,Oceania,2020,100.0,50.0,4.04,33.84
882,Samoa,Oceania,2021,98.3,54.0,4.53,30.54
882,Samoa,Oceania,2022,98.3,57.0,3.97,31.75
882,Samoa,Oceania,2023,100.0,61.0,3.64,31.5
882,Samoa,Oceania,2024,100.0,65.0,3.6,29.67
674,San Marino,Europe and Northern America,2015,100.0,100.0,,
674,San Marino,Europe and Northern America,2016,100.0,100.0,,
674,San Marino,Europe and Northern America,2017,100.0,100.0,,
674,San Marino,Europe and Northern America,2018,100.0,100.0,,
674,San Marino,Europe and Northern America,2019,100.0,100.0,,
674,San Marino,Europe and Northern America,2020,100.0,100.0,,
674,San Marino,Europe and Northern America,2021,100.0,100.0,,
674,San Marino,Europe and Northern America,2022,100.0,100.0,,
674,San Marino,Europe and Northern America,2023,100.0,100.0,,
674,San Marino,Europe and Northern America,2024,100.0,100.0,,
678,Sao Tome and Principe,Sub-Saharan Africa,2015,67.3,2.0,2.84,39.24
678,Sao Tome and Principe,Sub-Saharan Africa,2016,69.4,2.0,2.87,38.06
678,Sao Tome and Principe,Sub-Saharan Africa,2017,74.3,3.0,2.65,39.24
678,Sao Tome and Principe,Sub-Saharan Africa,2018,71.0,3.0,2.53,40.59
678,Sao Tome and Principe,Sub-Saharan Africa,2019,75.1,3.0,2.57,38.62
678,Sao Tome and Principe,Sub-Saharan Africa,2020,76.8,4.0,2.47,41.41
678,Sao Tome and Principe,Sub-Saharan Africa,2021,78.5,4.0,2.44,40.83
678,Sao Tome and Principe,Sub-Saharan Africa,2022,78.0,5.0,2.34,41.49
678,Sao Tome and Principe,Sub-Saharan Africa,2023,81.3,6.0,2.46,40.35
678,Sao Tome and Principe,Sub-Saharan Africa,2024,77.7,7.0,2.48,39.86
682,Saudi Arabia,Northern Africa and Western Asia,2015,100.0,100.0,5.57,0.01
682,Saudi Arabia,Northern Africa and Western Asia,2016,99.9,100.0,5.5,0.01
682,Saudi Arabia,Northern Africa and Western Asia,2017,100.0,100.0,5.57,0.01
682,Saudi Arabia,Northern Africa and Western Asia,2018,99.9,100.0,5.22,0.01
682,Saudi Arabia,Northern Africa and Western Asia,2019,100.0,100.0,5.13,0.03
682,Saudi Arabia,Northern Africa and Western Asia,2020,100.0,100.0,5.23,0.07
682,Saudi Arabia,Northern Africa and Western Asia,2021,100.0,100.0,4.99,0.08
682,Saudi Arabia,Northern Africa and Western Asia,2022,100.0,100.0,4.69,0.16
682,Saudi Arabia,Northern Africa and Western Asia,2023,100.0,100.0,4.64,0.16
682,Saudi Arabia,Northern Africa and Western Asia,2024,100.0,100.0,,
686,Senegal,Sub-Saharan Africa,2015,60.5,29.0,3.45,39.11
686,Senegal,Sub-Saharan Africa,2016,64.5,29.0,3.23,36.72
686,Senegal,Sub-Saharan Africa,2017,61.7,29.0,3.0,36.81
686,Senegal,Sub-Saharan Africa,2018,66.0,30.0,2.87,34.24
686,Senegal,Sub-Saharan Africa,2019,70.4,31.0,3.07,36.2
686,Senegal,Sub-Saharan Africa,2020,64.3,33.0,2.92,38.67
686,Senegal,Sub-Saharan Africa,2021,68.0,34.0,2.95,32.53
686,Senegal,Sub-Saharan Africa,2022,67.9,35.0,3.12,29.12
686,Senegal,Sub-Saharan Africa,2023,74.2,37.0,2.82,29.87
686,Senegal,Sub-Saharan Africa,2024,82.9,39.0,,
688,Serbia,Europe and Northern America,2015,99.9,72.0,4.72,21.24
688,Serbia,Europe and Northern America,2016,99.9,74.0,4.75,20.91
688,Serbia,Europe and Northern America,2017,100.0,76.0,4.74,20.0
688,Serbia,Europe and Northern America,2018,100.0,78.0,4.45,21.05
688,Serbia,Europe and Northern America,2019,99.8,80.0,4.23,21.45
688,Serbia,Europe and Northern America,2020,100.0,82.0,4.42,25.97
688,Serbia,Europe and Northern America,2021,100.0,84.0,4.17,27.17
688,Serbia,Europe and Northern America,2022,100.0,86.0,4.1,25.0
688,Serbia,Europe and Northern America,2023,100.0,88.0,3.82,27.14
688,Serbia,Europe and Northern America,2024,100.0,89.0,,
690,Seychelles,Sub-Saharan Africa,2015,100.0,99.0,2.76,1.36
690,Seychelles,Sub-Saharan Africa,2016,100.0,99.0,2.72,1.21
690,Seychelles,Sub-Saharan Africa,2017,100.0,99.0,2.65,1.24
690,Seychelles,Sub-Saharan Africa,2018,100.0,99.0,2.64,1.24
690,Seychelles,Sub-Saharan Africa,2019,100.0,99.0,2.48,1.2
690,Seychelles,Sub-Saharan Africa,2020,100.0,99.0,2.82,1.35
690,Seychelles,Sub-Saharan Africa,2021,100.0,99.0,2.88,1.72
690,Seychelles,Sub-Saharan Africa,2022,100.0,99.0,2.64,1.91
690,Seychelles,Sub-Saharan Africa,2023,100.0,99.0,2.59,1.91
690,Seychelles,Sub-Saharan Africa,2024,100.0,99.0,2.62,1.73
694,Sierra Leone,Sub-Saharan Africa,2015,19.7,1.0,3.71,74.59
694,Sierra Leone,Sub-Saharan Africa,2016,20.3,1.0,3.63,73.59
694,Sierra Leone,Sub-Saharan Africa,2017,23.4,1.0,3.48,75.24
694,Sierra Leone,Sub-Saharan Africa,2018,26.1,1.0,3.34,76.72
694,Sierra Leone,Sub-Saharan Africa,2019,22.7,1.0,3.25,74.96
694,Sierra Leone,Sub-Saharan Africa,2020,26.3,1.0,3.35,74.14
694,Sierra Leone,Sub-Saharan Africa,2021,27.5,1.0,3.35,70.44
694,Sierra Leone,Sub-Saharan Africa,2022,29.4,1.0,3.2,70.86
694,Sierra Leone,Sub-Saharan Africa,2023,35.5,1.0,3.06,70.36
694,Sierra Leone,Sub-Saharan Africa,2024,39.2,2.0,2.98,69.9
702,Singapore,Eastern and South-Eastern Asia,2015,100.0,100.0,2.01,0.65
702,Singapore,Eastern and South-Eastern Asia,2016,100.0,100.0,2.04,0.71
702,Singapore,Eastern and South-Eastern Asia,2017,100.0,100.0,2.08,0.7
702,Singapore,Eastern and South-Eastern Asia,2018,100.0,100.0,1.99,0.78
702,Singapore,Eastern and South-Eastern Asia,2019,100.0,100.0,1.94,0.89
702,Singapore,Eastern and South-Eastern Asia,2020,100.0,100.0,2.0,0.91
702,Singapore,Eastern and South-Eastern Asia,2021,100.0,100.0,1.88,1.1
702,Singapore,Eastern and South-Eastern Asia,2022,100.0,100.0,1.81,1.35
702,Singapore,Eastern and South-Eastern Asia,2023,100.0,100.0,1.71,1.57
702,Singapore,Eastern and South-Eastern Asia,2024,100.0,100.0,,
534,Sint Maarten (Dutch part),Latin America and the Caribbean,2015,100.0,,6.04,0.05
534,Sint Maarten (Dutch part),Latin America and the Caribbean,2016,100.0,,6.03,0.05
534,Sint Maarten (Dutch part),Latin America and the Caribbean,2017,100.0,,6.18,0.05
534,Sint Maarten (Dutch part),Latin America and the Caribbean,2018,100.0,,6.44,0.05
534,Sint Maarten (Dutch part),Latin America and the Caribbean,2019,100.0,,5.84,0.05
534,Sint Maarten (Dutch part),Latin America and the Caribbean,2020,100.0,,6.44,0.05
534,Sint Maarten (Dutch part),Latin America and the Caribbean,2021,100.0,,6.41,0.05
534,Sint Maarten (Dutch part),Latin America and the Caribbean,2022,100.0,,5.92,0.05
534,Sint Maarten (Dutch part),Latin America and the Caribbean,2023,100.0,,5.61,0.05
534,Sint Maarten (Dutch part),Latin America and the Caribbean,2024,100.0,,5.61,0.05
703,Slovakia,Europe and Northern America,2015,100.0,98.0,3.91,18.77
703,Slovakia,Europe and Northern America,2016,100.0,99.0,3.87,18.88
703,Slovakia,Europe and Northern America,2017,100.0,99.0,3.95,17.73
703,Slovakia,Europe and Northern America,2018,100.0,99.0,3.75,16.56
703,Slovakia,Europe and Northern America,2019,100.0,99.0,3.51,17.63
703,Slovakia,Europe and Northern America,2020,100.0,99.0,3.5,17.7
703,Slovakia,Europe and Northern America,2021,100.0,99.0,3.6,17.95
703,Slovakia,Europe and Northern America,2022,100.0,99.0,3.34,17.28
703,Slovakia,Europe and Northern America,2023,100.0,99.0,3.23,16.4
703,Slovakia,Europe and Northern America,2024,100.0,99.0,,
705,Slovenia,Europe and Northern America,2015,100.0,96.0,3.44,21.5
705,Slovenia,Europe and Northern America,2016,100.0,96.0,3.45,21.11
705,Slovenia,Europe and Northern America,2017,100.0,97.0,3.38,19.95
705,Slovenia,Europe and Northern America,2018,100.0,97.0,3.2,20.92
705,Slovenia,Europe and Northern America,2019,100.0,97.0,3.04,21.16
705,Slovenia,Europe and Northern America,2020,100.0,98.0,3.0,22.78
705,Slovenia,Europe and Northern America,2021,100.0,98.0,2.84,23.55
705,Slovenia,Europe and Northern America,2022,100.0,98.0,2.69,20.22
705,Slovenia,Europe and Northern America,2023,100.0,98.0,2.51,23.16
705,Slovenia,Europe and Northern America,2024,100.0,98.0,,
90,Solomon Islands,Oceania,2015,55.1,10.0,6.14,40.17
90,Solomon Islands,Oceania,2016,58.2,10.0,5.99,39.16
90,Solomon Islands,Oceania,2017,62.9,10.0,6.01,38.19
90,Solomon Islands,Oceania,2018,65.8,11.0,6.05,37.26
90,Solomon Islands,Oceania,2019,69.4,11.0,6.09,36.51
90,Solomon Islands,Oceania,2020,72.9,12.0,6.32,36.65
90,Solomon Islands,Oceania,2021,76.3,12.0,6.29,35.61
90,Solomon Islands,Oceania,2022,76.0,13.0,6.29,34.74
90,Solomon Islands,Oceania,2023,81.3,13.0,6.3,34.35
90,Solomon Islands,Oceania,2024,81.5,14.0,6.29,33.64
706,Somalia,Sub-Saharan Africa,2015,51.2,2.0,6.69,91.01
706,Somalia,Sub-Saharan Africa,2016,51.1,3.0,7.14,91.24
706,Somalia,Sub-Saharan Africa,2017,52.1,3.0,6.69,91.12
706,Somalia,Sub-Saharan Africa,2018,50.7,3.0,6.78,91.03
706,Somalia,Sub-Saharan Africa,2019,49.2,4.0,6.78,90.82
706,Somalia,Sub-Saharan Africa,2020,49.9,4.0,7.18,90.2
706,Somalia,Sub-Saharan Africa,2021,49.3,4.0,7.12,90.26
706,Somalia,Sub-Saharan Africa,2022,48.9,4.0,7.17,89.36
706,Somalia,Sub-Saharan Africa,2023,50.3,5.0,7.07,89.27
706,Somalia,Sub-Saharan Africa,2024,54.4,5.0,6.97,89.28
710,South Africa,Sub-Saharan Africa,2015,85.3,84.0,6.5,6.9
710,South Africa,Sub-Saharan Africa,2016,83.9,85.0,6.67,7.12
710,South Africa,Sub-Saharan Africa,2017,84.4,86.0,6.56,7.04
710,South Africa,Sub-Saharan Africa,2018,84.7,87.0,6.29,7.36
710,South Africa,Sub-Saharan Africa,2019,85.0,87.0,6.51,7.75
710,South Africa,Sub-Saharan Africa,2020,90.0,88.0,6.44,8.17
710,South Africa,Sub-Saharan Africa,2021,89.3,89.0,6.5,8.24
710,South Africa,Sub-Saharan Africa,2022,86.5,89.0,5.89,8.77
710,South Africa,Sub-Saharan Africa,2023,87.7,90.0,5.93,9.0
710,South Africa,Sub-Saharan Africa,2024,90.2,90.0,,
728,South Sudan,Sub-Saharan Africa,2015,4.8,0.0,1.95,27.49
728,South Sudan,Sub-Saharan Africa,2016,5.3,0.0,2.03,28.66
728,South Sudan,Sub-Saharan Africa,2017,4.2,0.0,2.02,35.08
728,South Sudan,Sub-Saharan Africa,2018,6.3,0.0,2.22,31.41
728,South Sudan,Sub-Saharan Africa,2019,6.8,0.0,2.24,31.36
728,South Sudan,Sub-Saharan Africa,2020,7.3,0.0,2.35,32.74
728,South Sudan,Sub-Saharan Africa,2021,7.7,0.0,2.29,32.25
728,South Sudan,Sub-Saharan Africa,2022,8.4,0.0,2.35,33.64
728,South Sudan,Sub-Saharan Africa,2023,5.4,0.0,2.33,33.65
728,South Sudan,Sub-Saharan Africa,2024,5.4,0.0,,
724,Spain,Europe and Northern America,2015,100.0,94.0,2.49,16.14
724,Spain,Europe and Northern America,2016,100.0,95.0,2.43,16.55
724,Spain,Europe and Northern America,2017,100.0,95.0,2.49,15.04
724,Spain,Europe and Northern America,2018,100.0,96.0,2.42,16.78
724,Spain,Europe and Northern America,2019,100.0,96.0,2.31,16.54
724,Spain,Europe and Northern America,2020,100.0,96.0,2.33,19.13
724,Spain,Europe and Northern America,2021,100.0,97.0,2.3,18.77
724,Spain,Europe and Northern America,2022,100.0,97.0,2.17,17.98
724,Spain,Europe and Northern America,2023,100.0,97.0,2.04,21.49
724,Spain,Europe and Northern America,2024,100.0,97.0,,
144,Sri Lanka,Central and Southern Asia,2015,94.3,28.0,1.58,51.28
144,Sri Lanka,Central and Southern Asia,2016,97.5,29.0,1.64,45.14
144,Sri Lanka,Central and Southern Asia,2017,97.5,30.0,1.48,45.78
144,Sri Lanka,Central and Southern Asia,2018,99.6,31.0,1.44,47.9
144,Sri Lanka,Central and Southern Asia,2019,99.8,32.0,1.5,46.23
144,Sri Lanka,Central and Southern Asia,2020,100.0,32.0,1.54,49.27
144,Sri Lanka,Central and Southern Asia,2021,100.0,32.0,1.54,48.84
144,Sri Lanka,Central and Southern Asia,2022,100.0,32.0,1.47,53.23
144,Sri Lanka,Central and Southern Asia,2023,100.0,32.0,1.5,55.5
144,Sri Lanka,Central and Southern Asia,2024,100.0,31.0,,
275,State of Palestine,Northern Africa and Western Asia,2015,99.9,,2.89,14.2
275,State of Palestine,Northern Africa and Western Asia,2016,100.0,,2.81,15.42
275,State of Palestine,Northern Africa and Western Asia,2017,99.9,,2.72,12.36
275,State of Palestine,Northern Africa and Western Asia,2018,100.0,,2.59,14.65
275,State of Palestine,Northern Africa and Western Asia,2019,100.0,,2.79,15.68
275,State of Palestine,Northern Africa and Western Asia,2020,100.0,,3.2,16.8
275,State of Palestine,Northern Africa and Western Asia,2021,100.0,,3.18,17.1
275,State of Palestine,Northern Africa and Western Asia,2022,100.0,,3.66,18.06
275,State of Palestine,Northern Africa and Western Asia,2023,100.0,,3.57,21.19
275,State of Palestine,Northern Africa and Western Asia,2024,100.0,,4.91,21.17
729,Sudan,Northern Africa and Western Asia,2015,48.0,43.0,4.42,61.92
729,Sudan,Northern Africa and Western Asia,2016,50.5,46.0,4.21,58.89
729,Sudan,Northern Africa and Western Asia,2017,53.0,48.0,4.27,59.39
729,Sudan,Northern Africa and Western Asia,2018,55.3,50.0,4.45,59.76
729,Sudan,Northern Africa and Western Asia,2019,57.6,51.0,4.7,59.41
729,Sudan,Northern Africa and Western Asia,2020,59.7,51.0,4.86,62.59
729,Sudan,Northern Africa and Western Asia,2021,61.8,50.0,5.01,60.89
729,Sudan,Northern Africa and Western Asia,2022,63.2,49.0,5.1,62.61
729,Sudan,Northern Africa and Western Asia,2023,66.0,48.0,5.9,70.3
729,Sudan,Northern Africa and Western Asia,2024,66.0,47.0,,
740,Suriname,Latin America and the Caribbean,2015,95.0,92.0,2.85,11.59
740,Suriname,Latin America and the Caribbean,2016,95.8,92.0,3.32,11.1
740,Suriname,Latin America and the Caribbean,2017,96.6,93.0,3.09,15.54
740,Suriname,Latin America and the Caribbean,2018,97.4,93.0,2.8,18.35
740,Suriname,Latin America and the Caribbean,2019,97.9,94.0,3.18,14.87
740,Suriname,Latin America and the Caribbean,2020,98.4,94.0,3.73,14.57
740,Suriname,Latin America and the Caribbean,2021,98.8,94.0,3.88,13.85
740,Suriname,Latin America and the Caribbean,2022,99.0,94.0,3.92,12.84
740,Suriname,Latin America and the Caribbean,2023,99.6,94.0,3.76,16.32
740,Suriname,Latin America and the Caribbean,2024,99.0,95.0,,
752,Sweden,Europe and Northern America,2015,100.0,100.0,3.23,51.91
752,Sweden,Europe and Northern America,2016,100.0,100.0,3.4,50.97
752,Sweden,Europe and Northern America,2017,100.0,100.0,3.43,51.85
752,Sweden,Europe and Northern America,2018,100.0,100.0,3.44,51.51
752,Sweden,Europe and Northern America,2019,100.0,100.0,3.26,52.69
752,Sweden,Europe and Northern America,2020,100.0,100.0,3.0,57.63
752,Sweden,Europe and Northern America,2021,100.0,100.0,3.05,57.72
752,Sweden,Europe and Northern America,2022,100.0,100.0,2.88,59.75
752,Sweden,Europe and Northern America,2023,100.0,100.0,2.87,58.92
752,Sweden,Europe and Northern America,2024,100.0,100.0,,
756,Switzerland,Europe and Northern America,2015,100.0,100.0,1.59,24.4
756,Switzerland,Europe and Northern America,2016,100.0,100.0,1.51,24.61
756,Switzerland,Europe and Northern America,2017,100.0,100.0,1.5,25.52
756,Switzerland,Europe and Northern America,2018,100.0,100.0,1.47,24.75
756,Switzerland,Europe and Northern America,2019,100.0,100.0,1.49,25.33
756,Switzerland,Europe and Northern America,2020,100.0,100.0,1.44,26.76
756,Switzerland,Europe and Northern America,2021,100.0,100.0,1.34,28.1
756,Switzerland,Europe and Northern America,2022,100.0,100.0,1.3,26.6
756,Switzerland,Europe and Northern America,2023,100.0,100.0,1.26,28.61
756,Switzerland,Europe and Northern America,2024,100.0,100.0,,
760,Syrian Arab Republic,Northern Africa and Western Asia,2015,90.0,97.0,29.11,0.58
760,Syrian Arab Republic,Northern Africa and Western Asia,2016,89.8,96.0,30.0,1.37
760,Syrian Arab Republic,Northern Africa and Western Asia,2017,89.6,96.0,31.05,1.1
760,Syrian Arab Republic,Northern Africa and Western Asia,2018,86.0,96.0,33.03,0.88
760,Syrian Arab Republic,Northern Africa and Western Asia,2019,89.2,96.0,31.36,0.98
760,Syrian Arab Republic,Northern Africa and Western Asia,2020,89.0,96.0,29.76,1.07
760,Syrian Arab Republic,Northern Africa and Western Asia,2021,88.8,96.0,27.55,1.17
760,Syrian Arab Republic,Northern Africa and Western Asia,2022,89.0,96.0,26.6,1.26
760,Syrian Arab Republic,Northern Africa and Western Asia,2023,88.4,96.0,28.54,1.18
760,Syrian Arab Republic,Northern Africa and Western Asia,2024,89.3,96.0,,
762,Tajikistan,Central and Southern Asia,2015,98.0,76.0,4.39,48.11
762,Tajikistan,Central and Southern Asia,2016,99.3,78.0,4.31,43.66
762,Tajikistan,Central and Southern Asia,2017,99.3,79.0,4.15,44.23
762,Tajikistan,Central and Southern Asia,2018,99.3,81.0,4.18,41.58
762,Tajikistan,Central and Southern Asia,2019,99.4,83.0,4.25,40.07
762,Tajikistan,Central and Southern Asia,2020,99.5,84.0,4.22,38.75
762,Tajikistan,Central and Southern Asia,2021,99.6,85.0,3.86,34.89
762,Tajikistan,Central and Southern Asia,2022,100.0,87.0,3.72,36.66
762,Tajikistan,Central and Southern Asia,2023,100.0,88.0,3.68,36.54
762,Tajikistan,Central and Southern Asia,2024,99.9,88.0,,
764,Thailand,Eastern and South-Eastern Asia,2015,99.6,78.0,4.3,22.78
764,Thailand,Eastern and South-Eastern Asia,2016,99.9,80.0,4.29,22.57
764,Thailand,Eastern and South-Eastern Asia,2017,99.9,81.0,4.14,22.42
764,Thailand,Eastern and South-Eastern Asia,2018,99.8,83.0,3.91,23.94
764,Thailand,Eastern and South-Eastern Asia,2019,99.9,84.0,3.91,24.17
764,Thailand,Eastern and South-Eastern Asia,2020,100.0,85.0,3.95,21.19
764,Thailand,Eastern and South-Eastern Asia,2021,100.0,86.0,3.82,19.45
764,Thailand,Eastern and South-Eastern Asia,2022,99.9,87.0,3.76,19.46
764,Thailand,Eastern and South-Eastern Asia,2023,100.0,88.0,3.66,19.79
764,Thailand,Eastern and South-Eastern Asia,2024,100.0,88.0,,
626,Timor-Leste,Eastern and South-Eastern Asia,2015,67.3,9.0,0.74,18.0
626,Timor-Leste,Eastern and South-Eastern Asia,2016,76.5,10.0,0.82,12.67
626,Timor-Leste,Eastern and South-Eastern Asia,2017,79.5,11.0,0.91,13.24
626,Timor-Leste,Eastern and South-Eastern Asia,2018,85.2,12.0,0.86,12.72
626,Timor-Leste,Eastern and South-Eastern Asia,2019,90.6,13.0,1.0,11.67
626,Timor-Leste,Eastern and South-Eastern Asia,2020,96.0,14.0,1.05,11.4
626,Timor-Leste,Eastern and South-Eastern Asia,2021,100.0,15.0,0.99,12.08
626,Timor-Leste,Eastern and South-Eastern Asia,2022,99.7,16.0,0.99,10.94
626,Timor-Leste,Eastern and South-Eastern Asia,2023,100.0,17.0,0.94,9.78
626,Timor-Leste,Eastern and South-Eastern Asia,2024,94.3,19.0,1.14,8.52
768,Togo,Sub-Saharan Africa,2015,44.7,6.0,7.35,81.23
768,Togo,Sub-Saharan Africa,2016,46.8,7.0,7.52,80.64
768,Togo,Sub-Saharan Africa,2017,48.0,8.0,7.08,80.92
768,Togo,Sub-Saharan Africa,2018,50.0,9.0,7.05,76.57
768,Togo,Sub-Saharan Africa,2019,52.5,10.0,6.94,76.6
768,Togo,Sub-Saharan Africa,2020,54.1,11.0,7.15,72.72
768,Togo,Sub-Saharan Africa,2021,55.7,12.0,6.87,73.25
768,Togo,Sub-Saharan Africa,2022,57.2,13.0,6.69,73.06
768,Togo,Sub-Saharan Africa,2023,59.2,14.0,6.55,71.69
768,Togo,Sub-Saharan Africa,2024,61.1,15.0,,
776,Tonga,Oceania,2015,100.0,72.0,2.7,2.0
776,Tonga,Oceania,2016,97.0,76.0,3.26,1.7
776,Tonga,Oceania,2017,98.2,78.0,3.24,1.74
776,Tonga,Oceania,2018,99.0,81.0,2.99,1.69
776,Tonga,Oceania,2019,98.4,83.0,3.66,1.68
776,Tonga,Oceania,2020,99.9,85.0,3.12,2.55
776,Tonga,Oceania,2021,100.0,87.0,3.14,2.4
776,Tonga,Oceania,2022,100.0,88.0,3.33,2.25
776,Tonga,Oceania,2023,100.0,90.0,3.34,3.36
776,Tonga,Oceania,2024,100.0,91.0,3.27,3.34
780,Trinidad and Tobago,Latin America and the Caribbean,2015,100.0,100.0,15.09,0.37
780,Trinidad and Tobago,Latin America and the Caribbean,2016,100.0,100.0,14.28,0.43
780,Trinidad and Tobago,Latin America and the Caribbean,2017,100.0,100.0,15.14,0.42
780,Trinidad and Tobago,Latin America and the Caribbean,2018,100.0,100.0,15.4,0.46
780,Trinidad and Tobago,Latin America and the Caribbean,2019,100.0,100.0,15.5,0.43
780,Trinidad and Tobago,Latin America and the Caribbean,2020,100.0,100.0,14.58,0.48
780,Trinidad and Tobago,Latin America and the Caribbean,2021,100.0,100.0,15.4,0.46
780,Trinidad and Tobago,Latin America and the Caribbean,2022,100.0,100.0,14.96,0.44
780,Trinidad and Tobago,Latin America and the Caribbean,2023,98.7,100.0,14.21,0.43
780,Trinidad and Tobago,Latin America and the Caribbean,2024,100.0,100.0,,
788,Tunisia,Northern Africa and Western Asia,2015,99.9,100.0,3.13,12.47
788,Tunisia,Northern Africa and Western Asia,2016,100.0,100.0,3.14,12.34
788,Tunisia,Northern Africa and Western Asia,2017,100.0,100.0,3.17,11.77
788,Tunisia,Northern Africa and Western Asia,2018,99.8,100.0,3.11,11.85
788,Tunisia,Northern Africa and Western Asia,2019,100.0,100.0,3.02,12.1
788,Tunisia,Northern Africa and Western Asia,2020,99.9,100.0,3.16,12.74
788,Tunisia,Northern Africa and Western Asia,2021,99.9,100.0,3.26,11.79
788,Tunisia,Northern Africa and Western Asia,2022,100.0,100.0,3.17,11.52
788,Tunisia,Northern Africa and Western Asia,2023,100.0,100.0,3.0,12.11
788,Tunisia,Northern Africa and Western Asia,2024,100.0,100.0,,
795,Turkmenistan,Central and Southern Asia,2015,100.0,100.0,10.82,0.05
795,Turkmenistan,Central and Southern Asia,2016,100.0,100.0,10.3,0.06
795,Turkmenistan,Central and Southern Asia,2017,100.0,100.0,10.01,0.06
795,Turkmenistan,Central and Southern Asia,2018,100.0,100.0,9.41,0.05
795,Turkmenistan,Central and Southern Asia,2019,99.9,100.0,9.24,0.05
795,Turkmenistan,Central and Southern Asia,2020,100.0,100.0,9.4,0.05
795,Turkmenistan,Central and Southern Asia,2021,100.0,100.0,13.16,0.04
795,Turkmenistan,Central and Southern Asia,2022,100.0,100.0,12.3,0.04
795,Turkmenistan,Central and Southern Asia,2023,100.0,100.0,11.32,0.04
795,Turkmenistan,Central and Southern Asia,2024,100.0,100.0,,
796,Turks and Caicos Islands,Latin America and the Caribbean,2015,100.0,,7.25,0.38
796,Turks and Caicos Islands,Latin America and the Caribbean,2016,100.0,,7.01,0.37
796,Turks and Caicos Islands,Latin America and the Caribbean,2017,100.0,,7.76,0.37
796,Turks and Caicos Islands,Latin America and the Caribbean,2018,100.0,,4.14,0.41
796,Turks and Caicos Islands,Latin America and the Caribbean,2019,100.0,,3.99,0.49
796,Turks and Caicos Islands,Latin America and the Caribbean,2020,99.4,,5.93,0.52
796,Turks and Caicos Islands,Latin America and the Caribbean,2021,100.0,,4.68,0.74
796,Turks and Caicos Islands,Latin America and the Caribbean,2022,99.9,,4.08,0.64
796,Turks and Caicos Islands,Latin America and the Caribbean,2023,100.0,,3.6,0.63
796,Turks and Caicos Islands,Latin America and the Caribbean,2024,100.0,,3.42,0.65
798,Tuvalu,Oceania,2015,98.1,66.0,2.74,3.27
798,Tuvalu,Oceania,2016,97.3,69.0,2.77,6.49
798,Tuvalu,Oceania,2017,98.7,72.0,2.81,6.13
798,Tuvalu,Oceania,2018,99.0,74.0,2.9,5.04
798,Tuvalu,Oceania,2019,99.7,77.0,2.75,4.91
798,Tuvalu,Oceania,2020,99.4,79.0,2.87,5.01
798,Tuvalu,Oceania,2021,99.7,80.0,2.89,4.87
798,Tuvalu,Oceania,2022,100.0,82.0,3.28,4.87
798,Tuvalu,Oceania,2023,100.0,83.0,3.17,4.91
798,Tuvalu,Oceania,2024,100.0,84.0,3.09,4.91
792,Türkiye,Northern Africa and Western Asia,2015,100.0,97.0,2.63,13.34
792,Türkiye,Northern Africa and Western Asia,2016,100.0,97.0,2.7,13.23
792,Türkiye,Northern Africa and Western Asia,2017,100.0,98.0,2.69,11.4
792,Türkiye,Northern Africa and Western Asia,2018,100.0,98.0,2.55,11.83
792,Türkiye,Northern Africa and Western Asia,2019,100.0,98.0,2.56,14.12
792,Türkiye,Northern Africa and Western Asia,2020,100.0,98.0,2.52,13.72
792,Türkiye,Northern Africa and Western Asia,2021,100.0,98.0,2.45,12.02
792,Türkiye,Northern Africa and Western Asia,2022,100.0,98.0,2.28,13.81
792,Türkiye,Northern Africa and Western Asia,2023,100.0,98.0,2.19,14.64
792,Türkiye,Northern Africa and Western Asia,2024,100.0,98.0,,
800,Uganda,Sub-Saharan Africa,2015,18.5,1.0,8.1,91.71
800,Uganda,Sub-Saharan Africa,2016,26.7,1.0,8.4,91.43
800,Uganda,Sub-Saharan Africa,2017,32.4,1.0,8.24,91.33
800,Uganda,Sub-Saharan Africa,2018,41.9,1.0,8.25,90.53
800,Uganda,Sub-Saharan Africa,2019,41.3,1.0,7.95,90.56
800,Uganda,Sub-Saharan Africa,2020,42.1,1.0,8.37,90.92
800,Uganda,Sub-Saharan Africa,2021,45.2,2.0,7.92,90.1
800,Uganda,Sub-Saharan Africa,2022,47.1,2.0,6.94,88.95
800,Uganda,Sub-Saharan Africa,2023,51.5,2.0,6.82,88.18
800,Uganda,Sub-Saharan Africa,2024,55.3,2.0,6.68,88.16
804,Ukraine,Europe and Northern America,2015,100.0,95.0,5.81,4.15
804,Ukraine,Europe and Northern America,2016,100.0,95.0,5.59,5.48
804,Ukraine,Europe and Northern America,2017,100.0,95.0,5.33,6.48
804,Ukraine,Europe and Northern America,2018,100.0,95.0,5.39,6.92
804,Ukraine,Europe and Northern America,2019,100.0,96.0,4.99,7.44
804,Ukraine,Europe and Northern America,2020,100.0,96.0,5.01,8.72
804,Ukraine,Europe and Northern America,2021,100.0,96.0,5.21,9.0
804,Ukraine,Europe and Northern America,2022,100.0,96.0,4.78,11.46
804,Ukraine,Europe and Northern America,2023,100.0,96.0,4.25,11.98
804,Ukraine,Europe and Northern America,2024,100.0,97.0,,
784,United Arab Emirates,Northern Africa and Western Asia,2015,100.0,99.0,5.55,0.12
784,United Arab Emirates,Northern Africa and Western Asia,2016,100.0,99.0,5.64,0.12
784,United Arab Emirates,Northern Africa and Western Asia,2017,100.0,99.0,4.84,0.2
784,United Arab Emirates,Northern Africa and Western Asia,2018,100.0,99.0,4.82,0.31
784,United Arab Emirates,Northern Africa and Western Asia,2019,100.0,99.0,5.02,0.65
784,United Arab Emirates,Northern Africa and Western Asia,2020,100.0,99.0,5.08,0.89
784,United Arab Emirates,Northern Africa and Western Asia,2021,100.0,99.0,5.19,1.05
784,United Arab Emirates,Northern Africa and Western Asia,2022,100.0,99.0,4.96,1.22
784,United Arab Emirates,Northern Africa and Western Asia,2023,100.0,99.0,5.45,1.96
784,United Arab Emirates,Northern Africa and Western Asia,2024,100.0,99.0,,
826,United Kingdom of Great Britain and Northern Ireland,Europe and Northern America,2015,100.0,99.0,2.24,7.71
826,United Kingdom of Great Britain and Northern Ireland,Europe and Northern America,2016,100.0,99.0,2.15,7.78
826,United Kingdom of Great Britain and Northern Ireland,Europe and Northern America,2017,100.0,99.0,2.08,8.85
826,United Kingdom of Great Britain and Northern Ireland,Europe and Northern America,2018,100.0,99.0,2.04,10.16
826,United Kingdom of Great Britain and Northern Ireland,Europe and Northern America,2019,100.0,99.0,1.93,11.59
826,United Kingdom of Great Britain and Northern Ireland,Europe and Northern America,2020,100.0,99.0,1.98,13.67
826,United Kingdom of Great Britain and Northern Ireland,Europe and Northern America,2021,100.0,100.0,1.88,12.47
826,United Kingdom of Great Britain and Northern Ireland,Europe and Northern America,2022,100.0,100.0,1.72,13.75
826,United Kingdom of Great Britain and Northern Ireland,Europe and Northern America,2023,100.0,100.0,1.64,15.23
826,United Kingdom of Great Britain and Northern Ireland,Europe and Northern America,2024,100.0,100.0,,
834,United Republic of Tanzania,Sub-Saharan Africa,2015,26.2,4.0,6.39,83.04
834,United Republic of Tanzania,Sub-Saharan Africa,2016,32.8,4.0,6.14,81.76
834,United Republic of Tanzania,Sub-Saharan Africa,2017,32.1,5.0,5.8,82.0
834,United Republic of Tanzania,Sub-Saharan Africa,2018,34.9,6.0,5.55,81.36
834,United Republic of Tanzania,Sub-Saharan Africa,2019,37.7,7.0,5.5,80.84
834,United Republic of Tanzania,Sub-Saharan Africa,2020,39.9,8.0,5.29,81.89
834,United Republic of Tanzania,Sub-Saharan Africa,2021,42.7,8.0,5.19,79.61
834,United Republic of Tanzania,Sub-Saharan Africa,2022,45.8,9.0,5.14,78.05
834,United Republic of Tanzania,Sub-Saharan Africa,2023,48.3,10.0,4.96,78.06
834,United Republic of Tanzania,Sub-Saharan Africa,2024,52.4,11.0,,
850,United States Virgin Islands,Latin America and the Caribbean,2015,100.0,,0.03,4.94
850,United States Virgin Islands,Latin America and the Caribbean,2016,100.0,,0.03,5.22
850,United States Virgin Islands,Latin America and the Caribbean,2017,100.0,,0.03,6.15
850,United States Virgin Islands,Latin America and the Caribbean,2018,100.0,,0.04,7.18
850,United States Virgin Islands,Latin America and the Caribbean,2019,100.0,,0.04,6.89
850,United States Virgin Islands,Latin America and the Caribbean,2020,100.0,,0.04,7.05
850,United States Virgin Islands,Latin America and the Caribbean,2021,100.0,,0.04,7.34
850,United States Virgin Islands,Latin America and the Caribbean,2022,100.0,,0.04,7.7
850,United States Virgin Islands,Latin America and the Caribbean,2023,100.0,,,8.18
850,United States Virgin Islands,Latin America and the Caribbean,2024,100.0,,,8.4
840,United States of America,Europe and Northern America,2015,100.0,100.0,4.42,8.91
840,United States of America,Europe and Northern America,2016,100.0,100.0,4.29,9.33
840,United States of America,Europe and Northern America,2017,100.0,100.0,4.17,9.74
840,United States of America,Europe and Northern America,2018,100.0,100.0,4.17,9.95
840,United States of America,Europe and Northern America,2019,100.0,100.0,4.06,10.26
840,United States of America,Europe and Northern America,2020,100.0,100.0,3.81,11.03
840,United States of America,Europe and Northern America,2021,100.0,100.0,3.78,10.97
840,United States of America,Europe and Northern America,2022,100.0,100.0,3.74,11.36
840,United States of America,Europe and Northern America,2023,100.0,100.0,3.58,12.25
840,United States of America,Europe and Northern America,2024,100.0,100.0,,
858,Uruguay,Latin America and the Caribbean,2015,99.7,98.0,2.16,59.4
858,Uruguay,Latin America and the Caribbean,2016,99.7,98.0,2.21,60.32
858,Uruguay,Latin America and the Caribbean,2017,99.8,98.0,2.13,60.82
858,Uruguay,Latin America and the Caribbean,2018,99.8,98.0,2.2,60.83
858,Uruguay,Latin America and the Caribbean,2019,99.9,99.0,2.15,59.34
858,Uruguay,Latin America and the Caribbean,2020,100.0,99.0,2.31,61.21
858,Uruguay,Latin America and the Caribbean,2021,100.0,99.0,2.34,57.84
858,Uruguay,Latin America and the Caribbean,2022,100.0,99.0,2.21,57.45
858,Uruguay,Latin America and the Caribbean,2023,100.0,99.0,2.39,60.47
858,Uruguay,Latin America and the Caribbean,2024,100.0,99.0,,
860,Uzbekistan,Central and Southern Asia,2015,99.9,90.0,6.49,1.7
860,Uzbekistan,Central and Southern Asia,2016,99.9,90.0,6.47,1.6
860,Uzbekistan,Central and Southern Asia,2017,100.0,91.0,6.53,1.74
860,Uzbekistan,Central and Southern Asia,2018,100.0,92.0,6.4,1.5
860,Uzbekistan,Central and Southern Asia,2019,100.0,92.0,6.16,1.59
860,Uzbekistan,Central and Southern Asia,2020,100.0,93.0,6.48,1.03
860,Uzbekistan,Central and Southern Asia,2021,99.9,93.0,6.63,1.0
860,Uzbekistan,Central and Southern Asia,2022,100.0,94.0,6.02,1.39
860,Uzbekistan,Central and Southern Asia,2023,100.0,94.0,5.83,1.44
860,Uzbekistan,Central and Southern Asia,2024,100.0,94.0,,
548,Vanuatu,Oceania,2015,52.3,14.0,3.87,33.13
548,Vanuatu,Oceania,2016,57.8,15.0,4.02,30.82
548,Vanuatu,Oceania,2017,62.8,16.0,3.69,32.61
548,Vanuatu,Oceania,2018,61.6,16.0,4.21,27.7
548,Vanuatu,Oceania,2019,64.5,17.0,3.92,29.54
548,Vanuatu,Oceania,2020,67.3,17.0,4.77,24.72
548,Vanuatu,Oceania,2021,70.0,18.0,5.06,23.18
548,Vanuatu,Oceania,2022,70.0,19.0,3.97,28.96
548,Vanuatu,Oceania,2023,61.6,20.0,5.26,20.73
548,Vanuatu,Oceania,2024,65.5,20.0,5.14,21.01
862,Venezuela (Bolivarian Republic of),Latin America and the Caribbean,2015,100.0,97.0,4.57,15.63
862,Venezuela (Bolivarian Republic of),Latin America and the Caribbean,2016,99.4,96.0,5.3,14.05
862,Venezuela (Bolivarian Republic of),Latin America and the Caribbean,2017,99.2,95.0,6.01,13.95
862,Venezuela (Bolivarian Republic of),Latin America and the Caribbean,2018,99.9,94.0,5.48,19.1
862,Venezuela (Bolivarian Republic of),Latin America and the Caribbean,2019,99.8,94.0,6.99,20.29
862,Venezuela (Bolivarian Republic of),Latin America and the Caribbean,2020,99.9,93.0,7.78,31.54
862,Venezuela (Bolivarian Republic of),Latin America and the Caribbean,2021,100.0,92.0,9.86,29.84
862,Venezuela (Bolivarian Republic of),Latin America and the Caribbean,2022,100.0,91.0,8.83,28.12
862,Venezuela (Bolivarian Republic of),Latin America and the Caribbean,2023,100.0,91.0,8.31,27.18
862,Venezuela (Bolivarian Republic of),Latin America and the Caribbean,2024,100.0,92.0,,
704,Viet Nam,Eastern and South-Eastern Asia,2015,99.3,67.0,3.08,27.91
704,Viet Nam,Eastern and South-Eastern Asia,2016,99.2,71.0,3.18,26.96
704,Viet Nam,Eastern and South-Eastern Asia,2017,100.0,75.0,3.08,28.57
704,Viet Nam,Eastern and South-Eastern Asia,2018,100.0,78.0,3.39,25.02
704,Viet Nam,Eastern and South-Eastern Asia,2019,99.4,81.0,3.55,21.35
704,Viet Nam,Eastern and South-Eastern Asia,2020,99.8,84.0,3.5,19.91
704,Viet Nam,Eastern and South-Eastern Asia,2021,100.0,86.0,3.34,25.87
704,Viet Nam,Eastern and South-Eastern Asia,2022,100.0,88.0,3.3,26.19
704,Viet Nam,Eastern and South-Eastern Asia,2023,99.8,90.0,3.15,24.49
704,Viet Nam,Eastern and South-Eastern Asia,2024,100.0,91.0,,
876,Wallis and Futuna Islands,Oceania,2015,,,,3.99
876,Wallis and Futuna Islands,Oceania,2016,,,,3.81
876,Wallis and Futuna Islands,Oceania,2017,,,,3.85
876,Wallis and Futuna Islands,Oceania,2018,,,,3.72
876,Wallis and Futuna Islands,Oceania,2019,,,,3.61
876,Wallis and Futuna Islands,Oceania,2020,,,,3.51
876,Wallis and Futuna Islands,Oceania,2021,,,,3.54
876,Wallis and Futuna Islands,Oceania,2022,,,,3.38
876,Wallis and Futuna Islands,Oceania,2023,,,,6.18
876,Wallis and Futuna Islands,Oceania,2024,,,,6.77
887,Yemen,Northern Africa and Western Asia,2015,67.4,52.0,2.02,1.96
887,Yemen,Northern Africa and Western Asia,2016,68.9,51.0,1.37,2.39
887,Yemen,Northern Africa and Western Asia,2017,79.2,51.0,3.13,1.83
887,Yemen,Northern Africa and Western Asia,2018,62.0,50.0,4.34,1.89
887,Yemen,Northern Africa and Western Asia,2019,72.8,50.0,4.27,1.83
887,Yemen,Northern Africa and Western Asia,2020,73.9,50.0,4.42,1.98
887,Yemen,Northern Africa and Western Asia,2021,74.9,49.0,4.18,2.06
887,Yemen,Northern Africa and Western Asia,2022,76.0,48.0,4.35,2.06
887,Yemen,Northern Africa and Western Asia,2023,83.6,48.0,4.14,2.21
887,Yemen,Northern Africa and Western Asia,2024,86.3,47.0,,
894,Zambia,Sub-Saharan Africa,2015,31.1,14.0,8.03,82.82
894,Zambia,Sub-Saharan Africa,2016,35.4,13.0,7.95,83.24
894,Zambia,Sub-Saharan Africa,2017,40.3,12.0,8.13,82.56
894,Zambia,Sub-Saharan Africa,2018,40.2,12.0,8.32,83.46
894,Zambia,Sub-Saharan Africa,2019,43.0,11.0,8.63,82.74
894,Zambia,Sub-Saharan Africa,2020,44.6,10.0,9.35,82.62
894,Zambia,Sub-Saharan Africa,2021,46.7,10.0,9.19,81.19
894,Zambia,Sub-Saharan Africa,2022,47.8,10.0,9.24,81.25
894,Zambia,Sub-Saharan Africa,2023,51.1,10.0,9.17,80.43
894,Zambia,Sub-Saharan Africa,2024,53.6,10.0,,
716,Zimbabwe,Sub-Saharan Africa,2015,33.7,31.0,2.94,63.69
716,Zimbabwe,Sub-Saharan Africa,2016,42.5,32.0,2.77,64.58
716,Zimbabwe,Sub-Saharan Africa,2017,44.0,32.0,2.61,66.02
716,Zimbabwe,Sub-Saharan Africa,2018,45.4,33.0,2.69,62.56
716,Zimbabwe,Sub-Saharan Africa,2019,46.7,33.0,2.9,59.88
716,Zimbabwe,Sub-Saharan Africa,2020,52.7,34.0,2.88,64.2
716,Zimbabwe,Sub-Saharan Africa,2021,49.0,35.0,2.77,62.03
716,Zimbabwe,Sub-Saharan Africa,2022,50.1,35.0,2.93,58.01
716,Zimbabwe,Sub-Saharan Africa,2023,62.0,36.0,2.99,54.64
716,Zimbabwe,Sub-Saharan Africa,2024,62.0,37.0,,
